address,,,,,
徐汇区漕溪北路1200号,,,,,
徐汇区宜山路829号,,,,,
浦东新区南芦公路19弄,,,,,
黄浦区瑞金二路33号,,,,,
静安区永兴路595弄,,,,,
闵行区莘浜路155号,,,,,
闵行区龙吴路4221号,,,,,
徐汇区华发路406弄,,,,,
徐汇区宛平南路485弄,,,,,
浦东新区祝桥镇邓一村,,,,,
普陀区光新路256弄,,,,,
宝山区大康路1079弄,,,,,
普陀区宜君路80弄,,,,,
普陀区石泉东路168弄,,,,,
普陀区岚皋西路342弄,,,,,
普陀区石泉东路240弄,,,,,
宝山区宝林一村,,,,,
宝山区沈巷杨家宅,,,,,
奉贤区吴房村,,,,,
奉贤区吴房村,,,,,
宝山区聚丰园路188弄,,,,,
嘉定区嘉唐公路169弄,,,,,
闵行区普乐路333弄,,,,,
闵行区虹梅南路1781弄,,,,,
闵行区普乐路333弄,,,,,
闵行区普乐路333弄,,,,,
闵行区虹梅南路1781弄,,,,,
松江区泽悦路326弄,,,,,
松江区九亭中心路503弄,,,,,
松江区沪亭北路618弄,,,,,
松江区沪松公路2517弄,,,,,
浦东新区听达路325弄,,,,,
宝山区淞兴西路268号,,,,,
松江区泽悦路326弄,,,,,
松江区泽悦路326弄,,,,,
嘉定区曲江路100弄,,,,,
嘉定区嘉绣路955弄,,,,,
嘉定区红卫村,,,,,
嘉定区海蓝路98弄,,,,,
嘉定区海蓝路98弄,,,,,
宝山区泗塘一村,,,,,
嘉定区宝安公路3705弄,,,,,
嘉定区宝安公路3705弄,,,,,
嘉定区宝安公路3705弄,,,,,
嘉定区宝安公路3705弄,,,,,
嘉定区宝安公路3705弄,,,,,
嘉定区龙湖郦城1509弄,,,,,
嘉定区宝安公路3705弄,,,,,
普陀区交通西路48弄,,,,,
徐汇区龙华西路20号,,,,,
徐汇区漕溪北路1200号,,,,,
徐汇区柳州路460,,,,,
徐汇区沪闵路9490号,,,,,
闵行区上中西路735弄,,,,,
徐汇区宜山路829号,,,,,
嘉定区裕民南路336弄,,,,,
宝山区庆安一村,,,,,
宝山区高跃路133弄,,,,,
宝山区德都路399弄,,,,,
宝山区宝钢十一村,,,,,
宝山区长白山路633弄,,,,,
嘉定区和静路1060号,,,,,
嘉定区樱花街116弄,,,,,
嘉定区宝安公路3705弄,,,,,
嘉定区沈徐路129弄,,,,,
嘉定区宝安公路3705弄,,,,,
嘉定区宝翔路560弄,,,,,
嘉定区宝安公路3705弄,,,,,
嘉定区宝安公路3705弄,,,,,
闵行区报春路399弄,,,,,
嘉定区菊园新区棋盘路998弄,,,,,
闵行区虹梅南路1578号,,,,,
嘉定区宝安公路李家村,,,,,
嘉定区宝安公路李家村,,,,,
松江区沪亭南路751弄,,,,,
松江区沪亭北路618弄,,,,,
松江区九新公路180弄,,,,,
闵行区浦连路150弄,,,,,
闵行区紫星路1588号,,,,,
闵行区浦江镇知新村,,,,,
金山区恒康路258弄,,,,,
闵行区繁安路59弄,,,,,
闵行区江川路1552号,,,,,
闵行区紫星路1588号,,,,,
闵行区紫星路1588号,,,,,
徐汇区漕溪北路1200号,,,,,
徐汇区漕溪北路1200号,,,,,
松江区同利路59号,,,,,
徐汇区漕溪北路1200号,,,,,
宝山区宝林四村,,,,,
徐汇区漕溪北路1200号,,,,,
徐汇区漕溪北路1200号,,,,,
虹口区虹湾路55弄,,,,,
徐汇区漕溪北路1200号,,,,,
闵行区龙吴路4221号,,,,,
浦东新区浦三路12弄,,,,,
徐汇区龙水南路336弄,,,,,
浦东新区五莲路759弄,,,,,
徐汇区宜山路670号,,,,,
闵行区莲花路425弄,,,,,
闵行区陈南路386号,,,,,
浦东新区花木路718弄,,,,,
浦东新区台儿庄路57弄,,,,,
静安区平型关路300弄,,,,,
嘉定区宝乐路58弄,,,,,
闵行区龙吴路4221号,,,,,
闵行区龙吴路4221号,,,,,
闵行区龙吴路4221号,,,,,
闵行区龙吴路4221号,,,,,
闵行区龙吴路4221号,,,,,
徐汇区漕溪北路1200号,,,,,
徐汇区梅陇三村,,,,,
徐汇区漕溪北路1200号,,,,,
徐汇区漕溪北路1200号,,,,,
长宁区延安西路649弄,,,,,
普陀区真南路1051弄,,,,,
徐汇区漕溪北路1200号,,,,,
闵行区龙吴路4221号,,,,,
嘉定区宝乐路58弄,,,,,
静安区沪太路1329弄,,,,,
青浦区徐泾镇杨巷西区,,,,,
嘉定区徐行和桥村,,,,,
宝山区菊太路1399弄,,,,,
嘉定区宝安公路3705弄,,,,,
嘉定区宝安公路3705弄,,,,,
松江区陆家圈路63弄,,,,,
闵行区虹梅南路1578号,,,,,
闵行区虹梅南路1578号,,,,,
闵行区虹梅南路1578号,,,,,
徐汇区华泾路880弄,,,,,
松江区沪亭北路618弄,,,,,
闵行区华茂路1036号,,,,,
松江区洞宁路655弄,,,,,
松江区淀浦河路399弄,,,,,
松江区南期昌路458弄,,,,,
松江区方塔北路618号,,,,,
松江区沪亭北路618弄,,,,,
松江区博安路32弄,,,,,
松江区九亭镇庄家村,,,,,
松江区沪亭北路338弄,,,,,
松江区博安路32弄,,,,,
宝山区泗塘一村,,,,,
宝山区泗塘一村,,,,,
宝山区友谊路1869弄,,,,,
松江区涞坊路333弄,,,,,
青浦区徐泾前明村,,,,,
嘉定区康年路208弄,,,,,
嘉定区城中路20号,,,,,
青浦区赵巷和睦村,,,,,
闵行区普乐路333弄,,,,,
普陀区石泉东路168弄,,,,,
宝山区月浦六村,,,,,
宝山区真华路999弄,,,,,
宝山区鹤林路58弄,,,,,
宝山区罗东路50弄,,,,,
嘉定区沪宜公路3066弄,,,,,
宝山区德都路399弄,,,,,
宝山区月浦六村,,,,,
宝山区美丹路1033弄,,,,,
徐汇区漕溪北路1200号,,,,,
徐汇区漕溪北路1200号,,,,,
徐汇区宜山路250弄,,,,,
浦东新区长岛路85弄,,,,,
浦东新区台儿庄路579弄,,,,,
浦东新区台儿庄路579弄,,,,,
松江区洞坤路168弄,,,,,
松江区洞坤路168弄,,,,,
闵行区罗秀路1377号,,,,,
闵行区上中西路810弄,,,,,
静安区塘沽路933号,,,,,
虹口区邢家桥南路125号,,,,,
浦东新区浦东大道2778弄,,,,,
闵行区上中西路810弄,,,,,
徐汇区漕溪北路1200号,,,,,
闵行区古美西路86弄,,,,,
浦东新区棋杆村,,,,,
松江区北松公路6700弄,,,,,
松江区新庙三路916弄,,,,,
闵行区普洱路88弄,,,,,
嘉定区海蓝路98弄,,,,,
嘉定区崇文路1855号,,,,,
嘉定区宝安公路3705弄,,,,,
嘉定区玉桂路74弄,,,,,
嘉定区宝安公路3705弄,,,,,
嘉定区宝安公路3705弄,,,,,
嘉定区宝安公路2948号,,,,,
静安区宝昌路659弄,,,,,
闵行区朱梅路266弄,,,,,
黄浦区瞿溪路811弄,,,,,
奉贤区百团路198弄,,,,,
徐汇区虹漕路19弄,,,,,
闵行区中春路6785号,,,,,
闵行区虹梅南路1578号,,,,,
松江区沪亭北路618弄,,,,,
松江区涞亭北路99弄,,,,,
松江区沪亭北路618弄,,,,,
松江区长溇村吴家桥,,,,,
松江区长溇村吴家桥,,,,,
徐汇区华泾路880弄,,,,,
徐汇区华泾路880弄,,,,,
徐汇区华泾路880弄,,,,,
闵行区虹梅南路1578号,,,,,
闵行区上中西路810弄,,,,,
徐汇区钦州北路885弄,,,,,
闵行区五一村白场浪,,,,,
闵行区罗秀路1385号,,,,,
闵行区罗秀路1385号,,,,,
闵行区普杰路100弄,,,,,
闵行区行南村周家塘,,,,,
闵行区龙茗路513弄,,,,,
闵行区纪东村,,,,,
闵行区梅富路366号,,,,,
闵行区昌林路430号,,,,,
闵行区虹梅南路1781弄,,,,,
嘉定区康年路208弄,,,,,
松江区沪亭北路618弄,,,,,
嘉定区秋竹路655弄,,,,,
松江区民乐一村,,,,,
宝山区友谊路1869弄,,,,,
嘉定区宝安公路2444号,,,,,
嘉定区宝安公路3705弄,,,,,
嘉定区宝安公路2948号,,,,,
嘉定区玉桂路74弄,,,,,
闵行区七莘路2628弄,,,,,
嘉定区裕民南路336弄,,,,,
嘉定区双单路1509弄龙湖郦城,,,,,
嘉定区沪宜公路2800弄,,,,,
静安区沪太路1329弄,,,,,
闵行区知新村,,,,,
宝山区菊太路999弄,,,,,
浦东新区博兴路462弄,,,,,
浦东新区柳埠路142弄,,,,,
闵行区保乐路666弄,,,,,
浦东新区花木路500弄,,,,,
浦东新区牟平路384弄,,,,,
浦东新区五莲路780弄,,,,,
浦东新区台儿庄路663弄,,,,,
闵行区虹梅南路1555弄,,,,,
闵行区虹梅南路1008号,,,,,
浦东新区军港公路326弄,,,,,
虹口区广灵二路商业二村,,,,,
长宁区荣华东道60弄,,,,,
静安区塘沽路933号,,,,,
普陀区桃浦路2055弄,,,,,
闵行区浦星公路568弄,,,,,
虹口区天宝路1088号,,,,,
虹口区曲阳路440号,,,,,
杨浦区国定路277弄,,,,,
虹口区逸仙路288弄,,,,,
虹口区逸仙路288弄,,,,,
浦东新区金工路133弄,,,,,
外省市来沪就医人员,,,,,
青浦区崧润路德康雅苑,,,,,
闵行区罗秀路1955弄,,,,,
嘉定区秋竹路801弄,,,,,
浦东新区长岛路1201弄,,,,,
浦东新区龙居路150弄,,,,,
闵行区东川路800号,,,,,
浦东新区听悦路685弄,,,,,
普陀区中山北路1297弄,,,,,
松江区陈春公路801弄,,,,,
浦东新区牟平路384弄,,,,,
虹口区逸仙路288弄,,,,,
黄浦区徐家汇路388号,,,,,
虹口区逸仙路288弄,,,,,
徐汇区田林4村,,,,,
长宁区淮海西路288弄,,,,,
徐汇区永嘉路291弄,,,,,
青浦区城东新村,,,,,
宝山区塘后路285弄,,,,,
普陀区桃浦路2055弄,,,,,
普陀区桃浦路2055弄,,,,,
静安区宝昌路659弄,,,,,
宝山区共富二村,,,,,
宝山区共富二村,,,,,
宝山区共富二村,,,,,
徐汇区梅陇七村,,,,,
普陀区三源路41弄,,,,,
虹口区曲阳路440号,,,,,
徐汇区长桥三村,,,,,
嘉定区秋竹路801弄,,,,,
青浦区崧润路49弄,,,,,
闵行区黎安路486号,,,,,
闵行区莲花路528弄,,,,,
青浦区华徐公路1199号,,,,,
嘉定区科盛路1065号,,,,,
宝山区长江西路53弄,,,,,
宝山区友谊路1869弄,,,,,
青浦区诸光路1355弄,,,,,
松江区长溇村吴家桥,,,,,
松江区新飞路1999弄,,,,,
松江区联阳小区,,,,,
松江区沪亭南路751弄,,,,,
松江区沪亭北路618弄,,,,,
松江区沪亭北路618弄,,,,,
松江区陆家圈路63弄,,,,,
宝山区聚源桥村严家桥,,,,,
宝山区沈家桥柏家宅,,,,,
徐汇区漕溪北路1200号,,,,,
浦东新区长岛路1280弄,,,,,
浦东新区云山路1395弄,,,,,
宝山区淞良路201弄,,,,,
徐汇区龙州路995-1号,,,,,
宝山区长江路258号,,,,,
闵行区东川路800号,,,,,
浦东新区南码头东三街35弄,,,,,
虹口区广灵二路商业二村,,,,,
闵行区春申路1888弄,,,,,
闵行区虹梅南路1555弄,,,,,
徐汇区田林四村,,,,,
闵行区老沪闵路1351弄,,,,,
嘉定区迎园新村五八坊,,,,,
闵行区春申路1581弄,,,,,
闵行区春申路1717弄,,,,,
闵行区虹梅南路1770弄,,,,,
嘉定区崇文路1855号,,,,,
嘉定区崇文路1855号,,,,,
浦东新区浦东南路2200号,,,,,
闵行区沁春路1366弄,,,,,
闵行区永联村吴介巷,,,,,
闵行区罗秀路1377号,,,,,
浦东新区巨峰路758弄,,,,,
静安区武定路1128弄,,,,,
宝山区丹霞山路257弄,,,,,
嘉定区秋竹路801弄,,,,,
徐汇区华泾路880弄,,,,,
徐汇区宜山路上海精工工地宿舍,,,,,
宝山区永顺路81弄,,,,,
静安区陆丰路中宝大厦,,,,,
静安区塘沽路747弄,,,,,
虹口区三门路747弄,,,,,
青浦区徐和路165弄,,,,,
闵行区银都路3151弄,,,,,
浦东新区光泽路120弄,,,,,
徐汇区龙吴路1717弄,,,,,
闵行区华漕纪东,,,,,
闵行区江川路1565号,,,,,
闵行区鲁康路555弄,,,,,
闵行区龙茗路513弄13支弄,,,,,
闵行区德宏路2465号,,,,,
浦东新区瓦屑建设路60弄,,,,,
浦东新区博兴路462弄,,,,,
浦东新区栖山路1555弄,,,,,
浦东新区栖山路1555弄,,,,,
闵行区银都路3151弄,,,,,
宝山区永顺路81弄,,,,,
松江区环城路616弄,,,,,
松江区沪松公路1100号,,,,,
嘉定区陇南路嘉涛路停车场,,,,,
闵行区普乐路425弄,,,,,
闵行区普乐路425弄,,,,,
嘉定区城中路20号,,,,,
嘉定区城中路20号,,,,,
嘉定区宝安公路3705弄,,,,,
嘉定区城中路20号,,,,,
宝山区四元路126号,,,,,
闵行区罗秀路1377号,,,,,
虹口区四川北路1545弄,,,,,
长宁区仙霞西路885弄,,,,,
静安区灵石路1197号,,,,,
宝山区永顺路81弄,,,,,
宝山区永顺路81弄,,,,,
宝山区永顺路81弄,,,,,
黄浦区徐家汇路388号,,,,,
徐汇区田林十四村,,,,,
宝山区泗塘一村,,,,,
徐汇区宜山路600号,,,,,
徐汇区田林路90弄,,,,,
浦东新区长清路103弄,,,,,
黄浦区车站东路195号,,,,,
徐汇区华泾路880弄,,,,,
徐汇区老沪闵路1039弄,,,,,
浦东新区光辉村,,,,,
闵行区同乐路158号,,,,,
黄浦区西藏南路1739弄,,,,,
松江区茸惠路858弄,,,,,
松江区博安路32弄,,,,,
浦东新区博兴路462弄,,,,,
外省来沪就医人员,,,,,
嘉定区新宝路88弄,,,,,
嘉定区南新路219弄,,,,,
嘉定区娄塘路658弄,,,,,
嘉定区娄塘大北街132号,,,,,
嘉定区娄塘娄南村,,,,,
嘉定区娄塘路626弄,,,,,
闵行区江川路241弄,,,,,
闵行区江川路303弄,,,,,
黄浦区车站东路195号,,,,,
徐汇区罗城路470号,,,,,
松江区王家厍路55弄,,,,,
徐汇区华发路368弄,,,,,
黄浦区淮海东路89弄,,,,,
金山区学府路1811弄,,,,,
金山区学府路1811弄,,,,,
金山区学府路1811弄,,,,,
金山区学府路1811弄,,,,,
徐汇区梅陇路130号,,,,,
浦东新区听谐路86弄,,,,,
闵行区龙吴路5688弄,,,,,
闵行区申郑路18弄,,,,,
闵行区景谷中路58弄,,,,,
徐汇区天等路430弄,,,,,
静安区茂名北路93号,,,,,
奉贤区万顺路2768弄,,,,,
闵行区晋豪生活广场,,,,,
宝山区长江路868号,,,,,
闵行区东川路800号,,,,,
静安区塘沽路933号,,,,,
闵行区春申路1581弄,,,,,
浦东新区创新西路75弄,,,,,
静安区宜川路733弄,,,,,
长宁区茅台路353弄,,,,,
闵行区罗秀路1377号,,,,,
嘉定区鹤霞路555弄,,,,,
嘉定区曹南路12弄,,,,,
嘉定区曹南路12弄,,,,,
徐汇区田林路118号,,,,,
松江区沪松公路2517弄,,,,,
闵行区漕宝路1508弄,,,,,
黄浦区徐家汇路388号,,,,,
金山区南阳湾路1288弄,,,,,
金山区横浦村,,,,,
金山区横浦村,,,,,
宝山区丹霞山路257弄,,,,,
黄浦区顺昌路612弄,,,,,
黄浦区南昌路282号,,,,,
宝山区淞发路901弄,,,,,
宝山区淞发路901弄,,,,,
闵行区虹梅南路1008号,,,,,
闵行区剑川路中铁四局工地宿舍,,,,,
闵行区剑川路中铁四局工地宿舍,,,,,
闵行区剑川路中铁四局工地宿舍,,,,,
闵行区剑川路中铁四局工地宿舍,,,,,
闵行区东川路800号,,,,,
闵行区东川路800号,,,,,
金山区龙轩路1989弄,,,,,
浦东新区五莲路780弄,,,,,
浦东新区利津路729弄,,,,,
浦东新区金工路133弄,,,,,
浦东新区佳林路115弄,,,,,
浦东新区拱鸣路95弄,,,,,
浦东新区听悦路685弄,,,,,
浦东新区听悦路1205弄,,,,,
浦东新区听悦路685弄,,,,,
浦东新区城南路818号,,,,,
浦东新区拱鸣路60弄,,,,,
浦东新区拱为路2600弄,,,,,
浦东新区听悦路960弄,,,,,
浦东新区拱鸣路60弄,,,,,
浦东新区听悦路685弄,,,,,
浦东新区迎薰路215弄,,,,,
浦东新区拱海路79弄,,,,,
浦东新区听潮南路77弄,,,,,
浦东新区听潮南路77弄,,,,,
浦东新区扶栏村下塘一组,,,,,
浦东新区园艺村,,,,,
浦东新区听悦路685弄,,,,,
浦东新区华夏东路1260弄,,,,,
浦东新区牟平路384弄,,,,,
浦东新区花木路500弄花木苑,,,,,
浦东新区华夏二路200弄,,,,,
浦东新区浦东大道2778弄,,,,,
浦东新区云台路183弄,,,,,
浦东新区巨峰路667弄,,,,,
浦东新区巨峰路667弄,,,,,
浦东新区通济路616弄,,,,,
浦东新区勤政路88弄,,,,,
长宁区协和路193号,,,,,
外省来沪就医人员家属,,,,,
浦东新区川沙六团七灶北张家宅,,,,,
浦东新区芬菊路199号工地宿舍,,,,,
长宁区北虹路978号,,,,,
闵行区东川路800号,,,,,
嘉定区星桥村,,,,,
闵行区东川路800号,,,,,
闵行区虹梅南路1578号,,,,,
金山区横浦村,,,,,
静安区万荣路959号,,,,,
静安区西藏北路970弄,,,,,
静安区延长中路451弄,,,,,
长宁区芙蓉江路555弄,,,,,
静安区中山北路805弄,,,,,
浦东新区五莲路1424弄,,,,,
徐汇区梅陇六村,,,,,
静安区广中西路911弄,,,,,
松江区沪松公路2517弄,,,,,
徐汇区茶陵路75弄,,,,,
徐汇区东安路230弄,,,,,
浦东新区红枫路108弄,,,,,
普陀区千阳南路88弄,,,,,
徐汇区华济路2弄,,,,,
黄浦区淮海东路89弄,,,,,
奉贤区悦达南郊华都,,,,,
嘉定区娄陆公路831号,,,,,
嘉定区娄东村,,,,,
闵行区都会路258号,,,,,
嘉定区娄塘大东街63号,,,,,
嘉定区娄塘路760弄,,,,,
虹口区武进路577号,,,,,
闵行区疏影路1280号,,,,,
闵行区疏影路1315号,,,,,
浦东新区栖山路1555弄,,,,,
浦东新区长岛路1201弄,,,,,
闵行区莘朱路879弄,,,,,
静安区柳营路1025弄,,,,,
青浦区前云路148弄,,,,,
闵行区报春路863弄,,,,,
黄浦区肇周路179号,,,,,
闵行区同心村,,,,,
黄浦区徐家汇路1弄,,,,,
浦东新区博华路999弄,,,,,
青浦区尚茂路226弄,,,,,
浦东新区前哨路288弄,,,,,
浦东新区龙东大道1号,,,,,
闵行区江川路1565弄,,,,,
浦东新区花木路718弄,,,,,
嘉定区宝安公路3705号,,,,,
松江区新飞路1999弄,,,,,
松江区沪亭北路618弄,,,,,
嘉定区娄南地园,,,,,
浦东新区碧云路199弄,,,,,
宝山区杨泰三村,,,,,
闵行区剑川路中铁四局工地宿舍,,,,,
浦东新区大团中心村,,,,,
嘉定区南新路317号,,,,,
嘉定区陆渡村,,,,,
嘉定区陆渡村,,,,,
嘉定区草庵村,,,,,
嘉定区娄塘路747弄,,,,,
嘉定区南新路307弄,,,,,
嘉定区草庵村,,,,,
黄浦区徐家汇路378号,,,,,
浦东新区观海路999弄,,,,,
浦东新区交通新村,,,,,
浦东新区南团公路35弄,,,,,
浦东新区观海路999弄,,,,,
浦东新区听悦路1200弄,,,,,
浦东新区六灶湾村,,,,,
虹口区广灵四路280弄,,,,,
浦东新区交通新村,,,,,
浦东新区西三里桥路6号,,,,,
闵行区剑川路中铁四局工地宿舍,,,,,
嘉定区南新路471弄,,,,,
嘉定区大北街129弄,,,,,
金山区龙航路1638弄,,,,,
金山区龙宇路999弄,,,,,
浦东新区浦东大道2778弄,,,,,
浦东新区金桥路301弄,,,,,
浦东新区东波路585弄,,,,,
浦东新区金葵路945弄,,,,,
浦东新区云山路1395弄,,,,,
浦东新区东波路58弄,,,,,
浦东新区长岛路728弄,,,,,
金山区海丰路85号,,,,,
浦东新区栖山路1489弄,,,,,
普陀区石泉路18弄,,,,,
浦东新区行泰路281弄,,,,,
浦东新区沪南公路5397号,,,,,
闵行区普乐路425弄,,,,,
闵行区放鹤路2号,,,,,
浦东新区三灶路451弄,,,,,
浦东新区马樱丹路127弄,,,,,
浦东新区上游村卢家宅,,,,,
浦东新区浦东大道140弄,,,,,
浦东新区凌兆路127弄,,,,,
松江区古楼公路659弄,,,,,
虹口区瑞虹路233弄,,,,,
金山区龙轩路2208弄,,,,,
金山区海盛路500弄,,,,,
长宁区天山路202弄,,,,,
闵行区浦星公路568弄,,,,,
徐汇区华济路2弄,,,,,
闵行区金都路2239弄,,,,,
松江区中山二路658号,,,,,
奉贤区万顺路2768弄,,,,,
松江区龙源路555号,,,,,
闵行区银春路2200弄,,,,,
杨浦区平凉路2545弄,,,,,
黄浦区丽园路824弄,,,,,
普陀区光复西路133弄,,,,,
嘉定区娄陆公路831号,,,,,
黄浦区徐家汇路515弄,,,,,
松江区玉阳苑,,,,,
黄浦区西藏南路1129弄,,,,,
宝山区泗塘一村,,,,,
浦东新区长清路103弄,,,,,
长宁区水城路728弄,,,,,
徐汇区龙吴路1343弄,,,,,
徐汇区龙吴路1343弄,,,,,
徐汇区龙吴路1343弄,,,,,
徐汇区钦州北路485号,,,,,
青浦区莫家圩,,,,,
闵行区东川路800号,,,,,
闵行区朱行路12号,,,,,
闵行区东川路800号,,,,,
闵行区东川路800号,,,,,
闵行区昌林路430号,,,,,
闵行区东川路800号,,,,,
静安区康宁路852号,,,,,
徐汇区桂林东街99弄,,,,,
黄浦区局门路241弄,,,,,
黄浦区南昌路282号,,,,,
虹口区瑞虹路233弄,,,,,
宝山区月浦八村,,,,,
徐汇区华发路406弄,,,,,
黄浦区局门后路9号,,,,,
闵行区共和村,,,,,
静安区沪太路1170弄,,,,,
徐汇区大木桥路450弄,,,,,
闵行区沁春路1366弄,,,,,
静安区广延路1188弄,,,,,
闵行区高兴路666弄,,,,,
嘉定区南新路429弄,,,,,
徐汇区龙吴路1343弄,,,,,
黄浦区局门后路9号,,,,,
静安区止园路400弄,,,,,
杨浦区国伟路100弄,,,,,
普陀区灵石路1669弄,,,,,
嘉定区沙霞路95弄,,,,,
浦东新区秀沿路867弄,,,,,
浦东新区鹤韵路550弄,,,,,
浦东新区高科西路2111弄,,,,,
浦东新区鹏岳路152弄,,,,,
金山区海盛路500弄,,,,,
普陀区真华路36弄,,,,,
闵行区罗秀路887号,,,,,
青浦区郏店村,,,,,
闵行区剑川路818弄,,,,,
松江区荣乐中路800弄,,,,,
闵行区东川路800号,,,,,
徐汇区小木桥路440弄,,,,,
黄浦区中山南一路251号,,,,,
徐汇区汇成二村,,,,,
徐汇区罗秀路955弄,,,,,
徐汇区华发路406弄,,,,,
普陀区黄陵路200弄,,,,,
浦东新区创新西路333弄,,,,,
徐汇区罗城路490号,,,,,
杨浦区延吉五村,,,,,
虹口区瑞虹路368弄,,,,,
黄浦区陆家浜路1398号,,,,,
闵行区龙吴路5395号,,,,,
松江区谷水苑,,,,,
浦东新区金桥路301弄,,,,,
徐汇区龙华路2518弄,,,,,
闵行区申北路168弄,,,,,
徐汇区钦州北路158弄,,,,,
虹口区广灵四路280弄,,,,,
黄浦区顺昌路612弄,,,,,
浦东新区浦东大道2778弄,,,,,
浦东新区浦东大道2778弄,,,,,
松江区中山西路1号,,,,,
闵行区东川路800号,,,,,
闵行区东川路800号,,,,,
闵行区剑川路中铁四局工地宿舍,,,,,
嘉定区娄塘村,,,,,
嘉定区小东街,,,,,
嘉定区宝安公路3705弄,,,,,
长宁区淞虹路800弄,,,,,
嘉定区崇教路267号对面工地宿舍,,,,,
嘉定区崇教路267号对面工地宿舍,,,,,
奉贤区万顺路2768弄,,,,,
浦东新区鹤沙路588弄,,,,,
浦东新区听悦路685弄,,,,,
浦东新区行泰路281弄,,,,,
浦东新区行泰路281弄,,,,,
浦东新区行泰路281弄,,,,,
浦东新区行泰路281弄,,,,,
浦东新区行泰路281弄,,,,,
浦东新区听悦路960弄,,,,,
浦东新区西门路588弄,,,,,
浦东新区古棕路168弄,,,,,
徐汇区东泉路50弄,,,,,
黄浦区浙江中路188弄,,,,,
杨浦区沈阳路41弄,,,,,
闵行区剑川路中铁四局工地宿舍,,,,,
浦东新区行泰路281弄,,,,,
浦东新区兰城路115弄,,,,,
浦东新区南塘村,,,,,
浦东新区高宝路68弄,,,,,
浦东新区新行路433弄,,,,,
浦东新区行泰路281弄,,,,,
浦东新区行泰路281弄,,,,,
浦东新区妙境路124弄,,,,,
嘉定区梅园路300弄,,,,,
嘉定区张掖路355号,,,,,
嘉定区中大街128号,,,,,
松江区通波路725弄,,,,,
松江区新松江路259弄,,,,,
松江区新飞路1999弄,,,,,
松江区新飞路1999弄,,,,,
松江区龙源路555号,,,,,
松江区王家厍路55弄,,,,,
静安区茂名北路93号,,,,,
金山区学府路2208弄,,,,,
静安区沪太路1329弄,,,,,
嘉定区崇教路267号对面工地宿舍,,,,,
虹口区逸仙路288弄,,,,,
徐汇区中山西路1788弄,,,,,
静安区沪太路1170弄,,,,,
嘉定区封周路885弄,,,,,
嘉定区南新路317号,,,,,
徐汇区华发路406弄,,,,,
黄浦区西藏南路1129弄,,,,,
闵行区东川路800号,,,,,
闵行区东川路800号,,,,,
闵行区东川路800号,,,,,
闵行区东川路800号,,,,,
闵行区东川路800号,,,,,
闵行区东川路800号,,,,,
闵行区东川路800号,,,,,
闵行区东川路800号,,,,,
闵行区剑川路中铁四局工地宿舍,,,,,
闵行区东川路800号,,,,,
闵行区剑川路中铁四局工地宿舍,,,,,
闵行区剑川路中铁四局工地宿舍,,,,,
闵行区东川路800号,,,,,
闵行区安乐村,,,,,
徐汇区上中西路151弄,,,,,
松江区泗宝路458弄,,,,,
徐汇区中山南二路945弄,,,,,
徐汇区日晖六村,,,,,
徐汇区龙水南路385弄,,,,,
来沪求职,,,,,
嘉定区汇旺东路1295弄,,,,,
嘉定区南新路626弄,,,,,
嘉定区小东街,,,,,
嘉定区红石路699弄,,,,,
嘉定区小东街,,,,,
徐汇区凯滨路19弄,,,,,
宝山区场北路399弄,,,,,
徐汇区龙吴路1343弄,,,,,
金山区海盛路500弄,,,,,
黄浦区顺昌路612弄,,,,,
黄浦区顺昌路612弄,,,,,
黄浦区顺昌路612弄,,,,,
黄浦区顺昌路612弄,,,,,
黄浦区顺昌路612弄,,,,,
黄浦区顺昌路612弄,,,,,
黄浦区顺昌路612弄,,,,,
黄浦区顺昌路580号,,,,,
黄浦区顺昌路580号,,,,,
黄浦区顺昌路612弄,,,,,
黄浦区顺昌路612弄,,,,,
黄浦区顺昌路612弄,,,,,
黄浦区顺昌路598号,,,,,
黄浦区顺昌路612弄,,,,,
黄浦区顺昌路612弄,,,,,
黄浦区大沽路183弄,,,,,
嘉定区三里村,,,,,
静安区西藏北路970弄,,,,,
闵行区都会路3552号,,,,,
闵行区虹梅南路1781弄,,,,,
松江区仓汇路401弄,,,,,
嘉定区崇教路267号对面工地宿舍,,,,,
嘉定区崇教路267号对面工地宿舍,,,,,
嘉定区崇教路267号对面工地宿舍,,,,,
嘉定区崇教路267号对面工地宿舍,,,,,
静安区临汾路894弄,,,,,
金山区建农村,,,,,
奉贤区新四平公路467弄,,,,,
浦东新区兰谷路1888弄,,,,,
浦东新区赵高路968弄,,,,,
徐汇区梅陇九村,,,,,
虹口区新市南路1148弄,,,,,
黄浦区南塘浜路119号,,,,,
嘉定区临夏路98弄,,,,,
虹口区逸仙路288弄,,,,,
黄浦区南苏州路933号,,,,,
宝山区新沪路475弄,,,,,
闵行区汇红村,,,,,
闵行区昌林路430号,,,,,
闵行区江川路633弄,,,,,
嘉定区海川路108号,,,,,
闵行区石屏路399弄,,,,,
黄浦区永年路54号,,,,,
金山区恒顺路216弄,,,,,
静安区沪太路1170弄,,,,,
奉贤区港坤路399弄,,,,,
奉贤区横桥村,,,,,
浦东新区丽正路1059弄,,,,,
徐汇区龙州路450弄,,,,,
浦东新区鹏岳路152弄,,,,,
闵行区瑞丽路768弄,,,,,
浦东新区行泰路281弄,,,,,
黄浦区中山南路1358弄,,,,,
浦东新区龙居路150弄,,,,,
徐汇区龙吴路2888弄,,,,,
金山区龙航路718号,,,,,
金山区南阳湾路1288弄,,,,,
金山区龙山路518弄,,,,,
浦东新区洛神花路6号,,,,,
浦东新区听悦路685弄,,,,,
静安区万荣路1199弄,,,,,
静安区万荣路959号,,,,,
宝山区永顺路81弄,,,,,
闵行区东川路800号,,,,,
闵行区东川路800号,,,,,
徐汇区梅陇六村,,,,,
闵行区瑞丽路768弄,,,,,
闵行区瑞丽路768弄,,,,,
闵行区景谷中路58弄,,,,,
闵行区沁春路1366弄,,,,,
闵行区剑川路中铁四局工地宿舍,,,,,
闵行区虹梅南路1008号,,,,,
闵行区虹梅南路1008号,,,,,
闵行区虹梅南路1008号,,,,,
闵行区虹梅南路1008号,,,,,
闵行区普乐二村,,,,,
闵行区普乐三村,,,,,
徐汇区长桥四村,,,,,
徐汇区长桥四村,,,,,
松江区新飞路1999弄,,,,,
松江区新飞路1999弄,,,,,
浦东新区博兴路462弄,,,,,
浦东新区玉盘北路288弄,,,,,
浦东新区拱鸣路60弄,,,,,
浦东新区拱鸣路60弄,,,,,
浦东新区扶栏村,,,,,
浦东新区夏碧路80弄,,,,,
浦东新区张杨路1515弄,,,,,
浦东新区华夏二路200弄,,,,,
浦东新区云山路1395弄,,,,,
浦东新区牌楼村,,,,,
浦东新区城南路41弄,,,,,
浦东新区拱乐路2400弄,,,,,
浦东新区金汇广场,,,,,
浦东新区龙东大道1号,,,,,
徐汇区大木桥路450弄,,,,,
嘉定区北大街108弄,,,,,
静安区彭江路199号,,,,,
虹口区逸仙路288弄,,,,,
虹口区逸仙路288弄,,,,,
虹口区逸仙路288弄,,,,,
虹口区三门支路738弄,,,,,
徐汇区龙吴路1717弄,,,,,
嘉定区沙霞路95弄,,,,,
徐汇区云锦路50弄,,,,,
嘉定区星桥村,,,,,
普陀区澳门路58弄,,,,,
静安区彭江路199号,,,,,
徐汇区龙州路450弄,,,,,
静安区广延路1188弄,,,,,
静安区昌平路923弄,,,,,
嘉定区沙霞路95弄,,,,,
嘉定区城中路29弄,,,,,
嘉定区沙霞路95弄,,,,,
松江区文诚路2159弄,,,,,
静安区临汾路300弄,,,,,
奉贤区五宅村,,,,,
徐汇区东安路230弄,,,,,
宝山区呼玛二村,,,,,
徐汇区罗秀路930弄,,,,,
徐汇区龙州路450弄,,,,,
徐汇区龙州路450弄,,,,,
闵行区放鹤路2813号,,,,,
金山区板桥东路1200弄,,,,,
徐汇区长桥四村,,,,,
青浦区青松路129弄,,,,,
浦东新区东靖路1900弄,,,,,
浦东新区三林世博家园A区,,,,,
浦东新区联勤村,,,,,
浦东新区华夏三路85弄,,,,,
徐汇区罗秀路955弄,,,,,
普陀区真如西村,,,,,
徐汇区梅陇11村,,,,,
徐汇区上中路400弄,,,,,
宝山区真华路1030弄,,,,,
闵行区浦航路36弄,,,,,
浦东新区华绣路179弄,,,,,
闵行区剑川路100弄,,,,,
嘉定区桃园新村,,,,,
嘉定区博园路7578号,,,,,
闵行区华漕新村,,,,,
松江区外婆泾299弄,,,,,
闵行区金平路788弄,,,,,
嘉定区人民街24弄,,,,,
闵行区东川路800号,,,,,
青浦区新府中路1331弄,,,,,
宝山区岭南路1288弄,,,,,
闵行区东川路800号,,,,,
闵行区东川路800号,,,,,
松江区泗凯路291弄,,,,,
闵行区东川路800号,,,,,
闵行区东川路800号,,,,,
嘉定区梅园路300弄,,,,,
普陀区千阳南路88弄,,,,,
徐汇区漕溪北路1200号,,,,,
浦东新区拱乐路2100弄,,,,,
浦东新区听谐路73弄,,,,,
浦东新区听潮南路77弄,,,,,
浦东新区长清路103弄,,,,,
浦东新区海阳路654弄,,,,,
宝山区双城路803弄,,,,,
徐汇区华发路406弄,,,,,
普陀区真光路1058弄,,,,,
闵行区瑞丽路768弄,,,,,
奉贤区万顺路2768弄,,,,,
奉贤区多元工贸城,,,,,
浦东新区听悦路1205弄,,,,,
浦东新区华夏东路1036弄,,,,,
浦东新区华夏东路2345弄,,,,,
浦东新区华夏东路860弄,,,,,
徐汇区罗秀路955弄,,,,,
徐汇区江南一村,,,,,
闵行区东川路800号,,,,,
嘉定区城中路29弄,,,,,
徐汇区凯浜路19弄,,,,,
宝山区共富路183弄,,,,,
闵行区莘建东路399弄12支弄,,,,,
虹口区虬江支路181号,,,,,
静安区灵石路1197号,,,,,
青浦区青松路129弄,,,,,
青浦区凤马塘路205弄,,,,,
普陀区真如西村,,,,,
黄浦区蒙自路481弄,,,,,
黄浦区徐家汇路388号,,,,,
黄浦区顺昌路612弄,,,,,
松江区外婆泾路299弄,,,,,
松江区外婆泾路299弄,,,,,
黄浦区五里桥路39弄,,,,,
浦东新区听悦路685弄,,,,,
浦东新区鹤沙路588弄,,,,,
闵行区东川路800号,,,,,
普陀区枣阳路465弄,,,,,
奉贤区新四平公路467弄,,,,,
长宁区水城路728弄,,,,,
黄浦区蒙自路481弄,,,,,
宝山区泗塘五村,,,,,
杨浦区敦化路163号,,,,,
金山区龙轩路1998弄,,,,,
金山区龙宇路999弄,,,,,
金山区龙轩路2208弄,,,,,
金山区龙宇路999弄,,,,,
嘉定区桃园新村,,,,,
长宁区长宁路405弄,,,,,
浦东新区顾家圩杨家宅,,,,,
浦东新区东绣路99弄,,,,,
宝山区祁连二村,,,,,
宝山区泗塘五村,,,,,
松江区车峰路199弄,,,,,
黄浦区徐家汇路101号,,,,,
松江区龙源路1208弄,,,,,
宝山区长江路868号,,,,,
嘉定区金园一路1359弄,,,,,
黄浦区五里桥路39弄,,,,,
长宁区天山五村,,,,,
静安区银都一村,,,,,
嘉定区城中路29弄,,,,,
嘉定区崇教路267号对面工地宿舍,,,,,
嘉定区伊宁路合作路工地,,,,,
青浦区青松路129弄,,,,,
黄浦区重庆北路212号,,,,,
嘉定区崇教路267号对面工地宿舍,,,,,
黄浦区思南路26弄,,,,,
浦东新区桃林路299弄,,,,,
徐汇区梅陇五村,,,,,
松江区泗陈公路518弄,,,,,
黄浦区广东路543号,,,,,
宝山区真华路1030弄,,,,,
闵行区北翟路3318弄,,,,,
徐汇区乐山支路4弄,,,,,
浦东新区临沂路181弄,,,,,
闵行区北江燕路228弄,,,,,
杨浦区霍山路1191弄,,,,,
浦东新区浦东南路3905弄,,,,,
普陀区祁连山南路999弄,,,,,
松江区勋业东路300弄,,,,,
普陀区宜川五村,,,,,
长宁区长宁路405弄,,,,,
普陀区新村路349弄,,,,,
浦东新区浦建路60弄,,,,,
黄浦区淡水路214弄,,,,,
闵行区莘建路290弄,,,,,
嘉定区温宿路45号,,,,,
青浦区凤强塘路1000弄,,,,,
虹口区四川北路1006号,,,,,
嘉定区崇教路267号对面工地宿舍,,,,,
嘉定区崇教路267号对面工地宿舍,,,,,
静安区沪太路941弄,,,,,
嘉定区崇教路267号对面工地宿舍,,,,,
闵行区江川路街道剑川路综合服务中心工地宿舍,,,,,
黄浦区顺昌路612弄,,,,,
徐汇区田林八村,,,,,
嘉定区崇教路267号对面工地宿舍,,,,,
嘉定区桃园新村,,,,,
嘉定区桃园新村,,,,,
嘉定区崇教路267号对面工地宿舍,,,,,
徐汇区桂林西街11弄,,,,,
嘉定区南新路170弄,,,,,
宝山区泗塘五村,,,,,
宝山区云西路168弄,,,,,
宝山区友谊西路富桥路工地宿舍,,,,,
普陀区古浪路55弄,,,,,
松江区茸惠路858弄,,,,,
长宁区长宁路405弄,,,,,
长宁区番禺路222弄,,,,,
宝山区淞南四村,,,,,
宝山区云西路168弄,,,,,
黄浦区斜土东路197号,,,,,
黄浦区斜土东路197号,,,,,
黄浦区斜土东路197号,,,,,
黄浦区静修路50弄,,,,,
嘉定区鹤友路336弄,,,,,
嘉定区鹤望路365弄,,,,,
长宁区华阳路70号,,,,,
长宁区虹桥路977号,,,,,
嘉定区金沙江路2823弄,,,,,
嘉定区小东街,,,,,
嘉定区安新村,,,,,
嘉定区连俊村,,,,,
嘉定区连俊村,,,,,
虹口区四川北路1906弄,,,,,
虹口区水电路818弄,,,,,
虹口区水电路818弄,,,,,
虹口区水电路818弄,,,,,
浦东新区行泰路150弄,,,,,
浦东新区行泰路150弄,,,,,
浦东新区华鹏路390弄,,,,,
浦东新区欣连佳苑,,,,,
浦东新区新龙路69弄,,,,,
浦东新区上游村,,,,,
浦东新区听悦路685弄,,,,,
浦东新区听悦路960弄,,,,,
浦东新区听悦路960弄,,,,,
浦东新区勤丰村,,,,,
浦东新区勤丰村,,,,,
浦东新区惠东村,,,,,
浦东新区汇南村,,,,,
浦东新区英雄村,,,,,
浦东新区城南路110号,,,,,
浦东新区听悦路960弄,,,,,
浦东新区国展路1756号,,,,,
浦东新区芳甸路333弄,,,,,
浦东新区高城路200弄,,,,,
浦东新区芦云路200弄,,,,,
浦东新区外灶里灶村,,,,,
浦东新区三三公路5020弄,,,,,
浦东新区东靖路2250弄,,,,,
嘉定区三里村,,,,,
嘉定区三里村,,,,,
嘉定区崇教路267号对面工地宿舍,,,,,
虹口区辉河路25弄,,,,,
宝山区罗和路935弄,,,,,
嘉定区环城路762弄,,,,,
普陀区武威东路478弄,,,,,
闵行区北翟路1554弄,,,,,
闵行区王泥浜村,,,,,
松江区龙源路555号,,,,,
黄浦区陆家浜路1398号,,,,,
松江区外婆泾路299弄,,,,,
松江区新南街625弄,,,,,
黄浦区河南南路1001弄,,,,,
宝山区场北路399弄,,,,,
闵行区兰坪路301弄,,,,,
闵行区建设路16弄,,,,,
青浦区龙联路660弄,,,,,
闵行区江川路街道剑川路综合服务中心工地宿舍,,,,,
闵行区江川路街道剑川路综合服务中心工地宿舍,,,,,
虹口区车站北路732弄,,,,,
虹口区车站北路732弄,,,,,
嘉定区塔城路470弄,,,,,
嘉定区双单路德立路工地宿舍,,,,,
嘉定区崇教路267号对面工地宿舍,,,,,
嘉定区南新路219弄,,,,,
嘉定区草庵村,,,,,
奉贤区新四平公路467弄,,,,,
奉贤区新四平公路467弄,,,,,
嘉定区崇教路267号对面工地宿舍,,,,,
闵行区江川路街道剑川路综合服务中心工地宿舍,,,,,
浦东新区国展路1760号,,,,,
浦东新区永泰路630弄,,,,,
浦东新区五莲路780弄,,,,,
嘉定区连俊村,,,,,
杨浦区政通路118弄,,,,,
杨浦区控江路1209号,,,,,
静安区万荣路1199弄,,,,,
浦东新区联勤村,,,,,
嘉定区鹤望路365号,,,,,
嘉定区桃园新村,,,,,
嘉定区汇善路1333弄,,,,,
嘉定区汇善路1333弄,,,,,
嘉定区桃园新村,,,,,
嘉定区桃园小区,,,,,
嘉定区桃园新村,,,,,
嘉定区桃园新村,,,,,
嘉定区桃园新村,,,,,
嘉定区桃园新村,,,,,
嘉定区温宿路45号,,,,,
虹口区宝山路888弄,,,,,
虹口区逸仙路288弄,,,,,
黄浦区瞿溪路904弄,,,,,
浦东新区东沟六村,,,,,
浦东新区微山新村,,,,,
浦东新区俱进路505弄,,,,,
浦东新区龙东大道1号,,,,,
浦东新区孙环路366弄,,,,,
浦东新区宣镇东路788弄,,,,,
浦东新区浦建路60弄,,,,,
浦东新区新行路433弄,,,,,
浦东新区西门路588弄,,,,,
浦东新区四灶村,,,,,
闵行区浦申路1288弄,,,,,
浦东新区听悦路960弄,,,,,
浦东新区华佗路280弄,,,,,
浦东新区船厂街27号,,,,,
浦东新区和佳路105弄,,,,,
宝山区新村路681号,,,,,
宝山区新村路681号,,,,,
闵行区虹莘路3333弄天安豪园,,,,,
静安区谈家桥路80弄,,,,,
普陀区定边路377弄,,,,,
浦东新区临沂一村,,,,,
黄浦区进贤路158号,,,,,
浦东新区芳草路258号,,,,,
虹口区四川北路1906号,,,,,
浦东新区钱堂村,,,,,
嘉定区嘉新公路668弄,,,,,
嘉定区娄塘路763号,,,,,
嘉定区崇教路267号对面工地宿舍,,,,,
嘉定区塔城路850弄,,,,,
嘉定区陈周村,,,,,
嘉定区崇教路267号对面工地宿舍,,,,,
嘉定区崇教路267号对面工地宿舍,,,,,
闵行区申北路135弄,,,,,
闵行区联青路51弄,,,,,
闵行区银春路2200弄,,,,,
宝山区菊联路89弄,,,,,
闵行区沪闵路280号,,,,,
闵行区业祥路111弄,,,,,
闵行区虹梅南路1728弄,,,,,
闵行区业祥路111弄,,,,,
闵行区古美七村,,,,,
徐汇区江南一村,,,,,
徐汇区龙华西路101号乙,,,,,
徐汇区田林十三村,,,,,
徐汇区零陵路231号,,,,,
徐汇区梅陇十村,,,,,
静安区芷江西路453弄,,,,,
闵行区杨家巷村,,,,,
黄浦区顺昌路612弄,,,,,
嘉定区清河路205弄,,,,,
宝山区华灵路1681弄,,,,,
普陀区金汤路353弄,,,,,
徐汇区龙吴路2418弄,,,,,
徐汇区零陵路250弄,,,,,
徐汇区龙吴路555弄,,,,,
静安区万荣路948号,,,,,
宝山区菊太路999弄,,,,,
徐汇区长桥七村,,,,,
徐汇区平江路170弄,,,,,
徐汇区漕溪路280号,,,,,
闵行区龙吴路永德小区,,,,,
闵行区普乐路665弄,,,,,
徐汇区东安一村,,,,,
徐汇区零陵路631号,,,,,
宝山区大华路869弄,,,,,
宝山区真华路1030弄,,,,,
黄浦区西藏南路688弄,,,,,
宝山区环镇北路500弄,,,,,
浦东新区枣庄路399弄,,,,,
浦东新区团新村,,,,,
浦东新区新艺路53号,,,,,
浦东新区锦绣东郊,,,,,
浦东新区天花庵村,,,,,
黄浦区黄陂南路783号,,,,,
浦东新区鹤沙路588弄,,,,,
黄浦区济南路181弄,,,,,
浦东新区上游村,,,,,
虹口区广中路680弄,,,,,
浦东新区妙境路124弄,,,,,
浦东新区建光村,,,,,
浦东新区盛荣路288弄,,,,,
浦东新区创新西路75弄,,,,,
浦东新区人民西路128弄,,,,,
浦东新区华夏东路1036弄,,,,,
浦东新区华夏东路860弄,,,,,
浦东新区华夏东路1152弄,,,,,
浦东新区鹤沙路688弄,,,,,
黄浦区中山南路1358弄,,,,,
浦东新区中心村养正宅,,,,,
浦东新区德州三村,,,,,
浦东新区邵村村,,,,,
浦东新区商城路1317弄,,,,,
黄浦区制造局路后街28号,,,,,
黄浦区徐家汇路515弄,,,,,
黄浦区徐家汇路515弄,,,,,
嘉定区江桥大宅五四村,,,,,
嘉定区金园一路1118弄,,,,,
浦东新区浦东大道580号,,,,,
浦东新区关岳西路151弄,,,,,
浦东新区新德路835弄,,,,,
闵行区东风村,,,,,
嘉定区金园一路1118弄,,,,,
嘉定区金园一路1118弄,,,,,
浦东新区龙博公寓,,,,,
松江区九新公路2335弄,,,,,
浦东新区英雄村,,,,,
虹口区车站北路732弄,,,,,
闵行区罗秀路1339弄,,,,,
普陀区沪太路765弄,,,,,
徐汇区龙吴路2418弄,,,,,
松江区王家厍路55弄,,,,,
徐汇区老沪闵路1039弄,,,,,
浦东新区栖山路1700弄,,,,,
松江区古楼公路656弄,,,,,
虹口区宝山路888弄,,,,,
虹口区四达路58弄,,,,,
徐汇区虹漕路19弄,,,,,
松江区仓汇路401弄,,,,,
浦东新区北项湾,,,,,
徐汇区龙吴路1717弄,,,,,
虹口区凉城四村,,,,,
浦东新区三三公路5020弄,,,,,
徐汇区天钥新村,,,,,
徐汇区天钥新村,,,,,
松江区泗泾镇古楼公路659弄,,,,,
松江区泗泾镇泗凯路291弄,,,,,
松江区外婆泾路299弄,,,,,
虹口区四川北路1906弄,,,,,
松江区滟东路62号,,,,,
松江区涞亭南路888弄,,,,,
浦东新区商城路108弄,,,,,
徐汇区龙州路425弄,,,,,
徐汇区龙吴路2418弄,,,,,
徐汇区龙州路425弄,,,,,
闵行区东川路800号,,,,,
闵行区春申路1580弄,,,,,
闵行区业祥路111弄,,,,,
闵行区江川路街道剑川路综合服务中心工地宿舍,,,,,
闵行区江川路街道剑川路综合服务中心工地宿舍,,,,,
闵行区江川路街道剑川路综合服务中心工地宿舍,,,,,
闵行区江川路街道剑川路综合服务中心工地宿舍,,,,,
闵行区江川路街道剑川路综合服务中心工地宿舍,,,,,
闵行区江川路街道剑川路综合服务中心工地宿舍,,,,,
闵行区江川路街道剑川路综合服务中心工地宿舍,,,,,
闵行区江川路街道剑川路综合服务中心工地宿舍,,,,,
闵行区江川路街道剑川路综合服务中心工地宿舍,,,,,
宝山区淞南四村,,,,,
宝山区淞南四村,,,,,
奉贤区泰南新村,,,,,
嘉定区三里村,,,,,
嘉定区嘉美路1050弄,,,,,
嘉定区娄南村,,,,,
闵行区江川路街道剑川路综合服务中心工地宿舍,,,,,
闵行区江川路街道剑川路综合服务中心工地宿舍,,,,,
闵行区江川路街道剑川路综合服务中心工地宿舍,,,,,
闵行区江川路街道剑川路综合服务中心工地宿舍,,,,,
闵行区江川路街道剑川路综合服务中心工地宿舍,,,,,
闵行区江川路街道剑川路综合服务中心工地宿舍,,,,,
闵行区江川路街道剑川路综合服务中心工地宿舍,,,,,
闵行区江川路街道剑川路综合服务中心工地宿舍,,,,,
闵行区江川路街道剑川路综合服务中心工地宿舍,,,,,
闵行区江川路街道剑川路综合服务中心工地宿舍,,,,,
闵行区江川路街道剑川路综合服务中心工地宿舍,,,,,
闵行区江川路街道剑川路综合服务中心工地宿舍,,,,,
闵行区江川路街道剑川路综合服务中心工地宿舍,,,,,
闵行区江川路街道剑川路综合服务中心工地宿舍,,,,,
闵行区江川路街道剑川路综合服务中心工地宿舍,,,,,
闵行区江川路街道剑川路综合服务中心工地宿舍,,,,,
闵行区江川路街道剑川路综合服务中心工地宿舍,,,,,
闵行区江川路街道剑川路综合服务中心工地宿舍,,,,,
闵行区江川路街道剑川路综合服务中心工地宿舍,,,,,
闵行区江川路街道剑川路综合服务中心工地宿舍,,,,,
闵行区江川路街道剑川路综合服务中心工地宿舍,,,,,
闵行区江川路街道剑川路综合服务中心工地宿舍,,,,,
普陀区泸定路555弄,,,,,
杨浦区延吉五村,,,,,
闵行区春申路1888弄,,,,,
闵行区江川路街道剑川路综合服务中心工地宿舍,,,,,
闵行区江川路街道剑川路综合服务中心工地宿舍,,,,,
闵行区江川路街道剑川路综合服务中心工地宿舍,,,,,
闵行区江川路街道剑川路综合服务中心工地宿舍,,,,,
闵行区江川路街道剑川路综合服务中心工地宿舍,,,,,
杨浦区延吉五村,,,,,
普陀区梅岭北路1258弄,,,,,
闵行区江川路街道剑川路综合服务中心工地宿舍,,,,,
闵行区江川路街道剑川路综合服务中心工地宿舍,,,,,
闵行区江川路街道剑川路综合服务中心工地宿舍,,,,,
闵行区江川路街道剑川路综合服务中心工地宿舍,,,,,
闵行区江川路街道剑川路综合服务中心工地宿舍,,,,,
闵行区江川路街道剑川路综合服务中心工地宿舍,,,,,
闵行区江川路街道剑川路综合服务中心工地宿舍,,,,,
闵行区江川路街道剑川路综合服务中心工地宿舍,,,,,
闵行区江川路街道剑川路综合服务中心工地宿舍,,,,,
闵行区江川路街道剑川路综合服务中心工地宿舍,,,,,
闵行区江川路街道剑川路综合服务中心工地宿舍,,,,,
闵行区江川路街道剑川路综合服务中心工地宿舍,,,,,
闵行区江川路街道剑川路综合服务中心工地宿舍,,,,,
闵行区江川路街道剑川路综合服务中心工地宿舍,,,,,
闵行区江川路街道剑川路综合服务中心工地宿舍,,,,,
闵行区江川路街道剑川路综合服务中心工地宿舍,,,,,
闵行区江川路街道剑川路综合服务中心工地宿舍,,,,,
闵行区江川路街道剑川路综合服务中心工地宿舍,,,,,
闵行区江川路街道剑川路综合服务中心工地宿舍,,,,,
闵行区江川路街道剑川路综合服务中心工地宿舍,,,,,
闵行区江川路街道剑川路综合服务中心工地宿舍,,,,,
闵行区江川路街道剑川路综合服务中心工地宿舍,,,,,
闵行区江川路街道剑川路综合服务中心工地宿舍,,,,,
嘉定区崇教路267号对面工地宿舍,,,,,
嘉定区温宿路50弄,,,,,
嘉定区嘉美路1050弄,,,,,
静安区阳曲路650弄,,,,,
宝山区泰和西路3511弄,,,,,
闵行区申北路135弄,,,,,
闵行区放鹤路2号,,,,,
闵行区放鹤路2号,,,,,
闵行区放鹤路2号,,,,,
嘉定区鹤望路365号,,,,,
闵行区罗秀路1339弄,,,,,
宝山区竹韵路58弄,,,,,
徐汇区桂林西街15弄,,,,,
闵行区杨家巷村,,,,,
奉贤区南桥韩村路85号,,,,,
徐汇区柳州路600弄,,,,,
徐汇区柳州路600弄,,,,,
嘉定区秋竹路1001弄,,,,,
普陀区白玉新村,,,,,
徐汇区龙吴路555弄,,,,,
崇明区西部生活区,,,,,
徐汇区桂林西街47弄,,,,,
普陀区长征金江工业园区宿舍,,,,,
徐汇区老沪闵路1290弄,,,,,
徐汇区梅陇十村,,,,,
长宁区虹桥路977号,,,,,
静安区南京西路770号,,,,,
宝山区怡华苑路188弄,,,,,
徐汇区桂林东街99弄,,,,,
浦东新区浦建路60弄,,,,,
徐汇区东泉路50弄,,,,,
徐汇区龙吟路452弄,,,,,
闵行区纪东村,,,,,
闵行区莘朱路1977号,,,,,
徐汇区大木桥路450弄,,,,,
金山区龙皓路1565弄,,,,,
嘉定区温宿路45号,,,,,
嘉定区温宿路45号,,,,,
嘉定区温宿路45号,,,,,
嘉定区桃园小区,,,,,
嘉定区桃园小区,,,,,
嘉定区梅园路300弄,,,,,
嘉定区战斗村,,,,,
嘉定区桃园小区,,,,,
嘉定区桃园小区,,,,,
嘉定区华江支路677弄,,,,,
嘉定区嘉涛路60弄,,,,,
虹口区广灵二路385号,,,,,
静安区永兴小马路70号,,,,,
普陀区西康路1288弄,,,,,
宝山区上大路2弄,,,,,
黄浦区永年路149弄,,,,,
黄浦区永年路149弄,,,,,
黄浦区顺昌路590号,,,,,
黄浦区顺昌路550弄,,,,,
黄浦区顺昌路550弄,,,,,
黄浦区顺昌路550弄,,,,,
黄浦区顺昌路600号,,,,,
黄浦区顺昌路550弄,,,,,
黄浦区黄陂南路783号,,,,,
嘉定区温宿路39弄,,,,,
松江区亭知路651弄,,,,,
徐汇区华发路406弄,,,,,
徐汇区天等路259弄,,,,,
徐汇区桂林西街201弄,,,,,
徐汇区龙吴路1717弄,,,,,
闵行区华茂路1036弄,,,,,
徐汇区湖南路4弄,,,,,
闵行区银春路2200弄,,,,,
徐汇区康健路105弄,,,,,
闵行区普杰路100弄,,,,,
闵行区盛帆沁春园二村,,,,,
闵行区放鹤路2号,,,,,
闵行区放鹤路2号,,,,,
宝山区真华路1030弄,,,,,
黄浦区建德路4号,,,,,
崇明区猛东村,,,,,
崇明区猛东村,,,,,
黄浦区中山南一路247弄,,,,,
徐汇区宛平南路517号,,,,,
浦东新区龙居路1号,,,,,
浦东新区华夏东路1152弄,,,,,
嘉定区江桥五四村,,,,,
浦东新区华夏东路1668弄,,,,,
宝山区新村路789弄,,,,,
宝山区祁华路655号,,,,,
嘉定区江桥五四村,,,,,
浦东新区光辉村,,,,,
嘉定区嘉涌路88弄,,,,,
嘉定区金园一路555号,,,,,
嘉定区江桥五四村,,,,,
嘉定区温宿路39弄,,,,,
嘉定区娄塘路548号,,,,,
青浦区新府中路1331弄,,,,,
嘉定区江桥五四村,,,,,
浦东新区光明村,,,,,
嘉定区临夏路801弄,,,,,
嘉定区临夏路801弄,,,,,
黄浦区中山南一路247弄,,,,,
徐汇区大木桥路450弄,,,,,