district,address,complete_address,gcj02_lng,gcj02_lat,wgs84_lng,wgs84_lat,street_level
虹口区,昆山花园路3号,上海市虹口区昆山花园路|3号,121.485405,31.248934,121.48092001788524,31.25090098731972,四川北路街道
浦东新区,周埠村洪波村,上海市浦东新区周埠村洪波,121.763534,31.001029,121.75918507265115,31.003171374244303,大团镇
浦东新区,艺泰安邦,上海市浦东新区艺泰安邦,121.709887,31.060715,121.70554594892032,31.062848890588047,宣桥镇
普陀区,武宁路8弄,上海市普陀区武宁路8弄,121.42935,31.23452,121.4247179466355,31.23636952982456,长寿路街道
district,address,complete_address,经纬度,street_level
district,address,complete_address,经纬度,street_level
district,address,complete_address,经纬度,street_level
浦东新区,白杨路360弄,上海市浦东新区白杨路360弄,"121.555057,31.205717",花木街道
浦东新区,北蔡村周家宅,上海市宝山区周家宅,"121.423823,31.320271",庙行镇
浦东新区,博兴路1612号,上海市浦东新区博兴路1612号,"121.601633,31.273514",浦兴路街道
浦东新区,彩云路221弄,上海市浦东新区彩云路221弄,"121.814275,30.897551",泥城镇
浦东新区,蔡路村张家宅,上海市浦东新区张家宅,"121.548341,31.166473",北蔡镇
浦东新区,曹路镇光明村,上海市浦东新区光明村,"121.658468,31.290572",曹路镇
浦东新区,朝丰村,上海市浦东新区朝丰村,"121.849704,31.069195",祝桥镇
浦东新区,陈春路601号,上海市浦东新区陈春路|601,"121.358081,31.078841",新桥镇
浦东新区,陈行村金家宅,上海市浦东新区金家宅,"121.586719,31.125041",周浦镇
浦东新区,成山路2222弄,上海市浦东新区成山路2222弄,"121.541075,31.179093",北蔡镇
浦东新区,成山路2388号,上海市浦东新区成山路2388号,"121.546069,31.178958",北蔡镇
浦东新区,城南村周家宅,上海市宝山区周家宅,"121.423823,31.320271",庙行镇
浦东新区,城南路365弄,上海市浦东新区城南路,"121.698246,31.191239",川沙新镇
浦东新区,储店村乔家宅,上海市浦东新区乔家宅,"121.556831,31.164793",北蔡镇
浦东新区,川和路399弄,上海市浦东新区川和路399弄,"121.612580,31.180300",张江镇
浦东新区,川沙新镇太平村高家宅,上海市浦东新区太平村,"121.718191,31.195133",川沙新镇
浦东新区,春雷村郭家宅,上海市崇明区郭家宅,"121.833234,31.484321",陈家镇
浦东新区,春雷村何家宅,上海市奉贤区何家宅,"121.421050,30.915841",庄行镇
浦东新区,春雷村颜家宅,上海市浦东新区颜家宅,"121.789760,30.996210",大团镇
浦东新区,春雷村张家宅,上海市浦东新区张家宅,"121.548341,31.166473",北蔡镇
浦东新区,大星村周家宅,上海市宝山区周家宅,"121.423823,31.320271",庙行镇
浦东新区,大众村陆家木行,上海市浦东新区陆家木行,"121.639006,31.223966",唐镇
浦东新区,大众村小包队包家宅,上海市浦东新区大众村包家宅,"121.646407,31.234936",唐镇
浦东新区,大众村小包队严家宅,上海市浦东新区大众村,"121.647509,31.225443",唐镇
浦东新区,道新村陈家宅,上海市浦东新区陈家宅,"121.565209,31.176723",北蔡镇
浦东新区,东方路1363号,上海市浦东新区东方路1363号,"121.529383,31.213023",塘桥街道
浦东新区,东风村袁家宅,上海市嘉定区袁家宅,"121.296693,31.397438",马陆镇
浦东新区,东立新村张家宅,上海市浦东新区张家宅,"121.548341,31.166473",北蔡镇
浦东新区,东陆路1257号,上海市浦东新区东陆路1257号,"121.598168,31.270735",浦兴路街道
浦东新区,东陆路1327号,上海市浦东新区东陆路1327号,"121.599153,31.269883",浦兴路街道
浦东新区,东窑新村李家宅,上海市浦东新区东窑新村,"121.641221,31.197269",唐镇
浦东新区,峨山路111号,上海市浦东新区峨山路111号,"121.530711,31.214878",塘桥街道
浦东新区,高桥村西顾家宅,上海市浦东新区西顾家宅,"121.603643,31.116926",周浦镇
浦东新区,革新村东钟文宅,上海市浦东新区东钟文宅,"121.645601,31.318344",高东镇
浦东新区,共一村曹家宅,上海市金山区曹家宅,"121.392463,30.750729",山阳镇
浦东新区,顾东村李家盘,上海市浦东新区顾东村李家盘,"121.667241,31.288564",曹路镇
浦东新区,光明村顾家宅,上海市浦东新区顾家宅,"121.568585,31.342882",高桥镇
浦东新区,郭守敬路669号,上海市浦东新区郭守敬路669号,"121.602527,31.212708",张江镇
浦东新区,海阳路530弄,上海市浦东新区海阳路530弄,"121.494293,31.154709",三林镇
浦东新区,洪波村,上海市浦东新区洪波村,"121.763613,31.001134",大团镇
浦东新区,洪山路147号,上海市浦东新区洪山路147号,"121.499068,31.177580",周家渡街道
浦东新区,华路村庄家宅,上海市浦东新区庄家宅,"121.842299,30.927169",书院镇
浦东新区,环东中心村陈家宅,上海市浦东新区环东中心村陈家宅,"121.655874,31.184568",张江镇
浦东新区,环东中心村桥弄天主堂宅,上海市金山区天主堂,"121.348062,30.870297",亭林镇
浦东新区,环东中心村三灶史家圈宅,上海市浦东新区三灶史家圈宅,"121.644463,31.183466",张江镇
浦东新区,环东中心村三灶宋家宅,上海市浦东新区三灶宋家宅,"121.654002,31.190875",张江镇
浦东新区,汇达村,上海市浦东新区汇达村,"121.571153,31.027269",航头镇
浦东新区,建中路235弄,上海市浦东新区建中路235弄,"121.613485,31.202372",张江镇
浦东新区,江东路1528弄,上海市浦东新区江东路1528弄,"121.545329,31.364556",高桥镇
浦东新区,界浜路55弄,上海市浦东新区界浜路55弄,"121.584126,31.344500",高桥镇
浦东新区,立新村张家宅,上海市浦东新区张家宅,"121.548341,31.166473",北蔡镇
浦东新区,莲园路498弄,上海市浦东新区莲园路,"121.554284,31.185459",北蔡镇
浦东新区,莲园路77弄,上海市浦东新区莲园路77弄,"121.545671,31.186086",北蔡镇
浦东新区,莲中路174弄,上海市浦东新区莲中路174弄,"121.557557,31.182328",北蔡镇
浦东新区,联合村路南宅,上海市宝山区联合村路,"121.339704,31.401098",罗店镇
浦东新区,梁月路169弄,上海市浦东新区梁月路169弄,"121.470452,31.149863",三林镇
浦东新区,临江村临江队王家宅,上海市浦东新区队王家宅,"121.678874,31.165728",川沙新镇
浦东新区,凌北宅,上海市浦东新区凌北宅,"121.748774,31.229960",合庆镇
浦东新区,凌空北路东靖路交界口工地生活区,上海市闵行区工地生活区,"121.514089,31.072050",浦江镇
浦东新区,龙三路136弄,上海市浦东新区龙三路136弄,"121.595394,31.219389",张江镇
浦东新区,龙三路152弄,上海市浦东新区龙三路152弄,"121.594457,31.219299",张江镇
浦东新区,洛神花路55弄,上海市浦东新区洛神花路55弄,"121.924547,30.918921",南汇新城镇
浦东新区,绿林路52弄,上海市浦东新区绿林路52弄,"121.547780,31.173210",北蔡镇
浦东新区,苗桥路455号,上海市浦东新区苗桥路455号,"121.628738,31.127224",康桥镇
浦东新区,民民路380弄,上海市浦东新区民民路380弄,"121.651456,31.267403",曹路镇
浦东新区,民生路318弄,上海市浦东新区民生路318弄,"121.540331,31.239735",洋泾街道
浦东新区,南六公路567弄,上海市浦东新区南六公路567弄,"121.710730,31.065801",宣桥镇
浦东新区,南芦公路2160弄,上海市浦东新区南芦公路2160弄,"121.836855,30.890324",泥城镇
浦东新区,南码头路160弄,上海市浦东新区南码头路160弄,"121.507148,31.198751",南码头路街道
浦东新区,泥城路158弄,上海市浦东新区泥城路158弄,"121.824672,30.898547",泥城镇
浦东新区,宁阳路3弄,上海市浦东新区宁阳路3弄,"121.517783,31.213272",塘桥街道
浦东新区,牛桥村陆家宅,上海市金山区陆家宅,"121.426399,30.810405",漕泾镇
浦东新区,浦东南路2108号,上海市浦东新区浦东南路2108号,"121.515792,31.209335",塘桥街道
浦东新区,浦三路630弄,上海市浦东新区浦三路630弄,"121.516446,31.188296",南码头路街道
浦东新区,浦三路704弄,上海市浦东新区浦三路704弄,"121.516546,31.185765",南码头路街道
浦东新区,前进村龚家宅,上海市浦东新区龚家宅,"121.646935,31.205135",唐镇
浦东新区,前进村西沈家宅,上海市浦东新区西沈家宅,"121.557995,31.356003",高桥镇
浦东新区,前哨村顾家宅,上海市浦东新区顾家宅,"121.568585,31.342882",高桥镇
浦东新区,乔桉路29弄,上海市虹口区29弄,"121.485003,31.258820",四川北路街道
浦东新区,勤益村东张家宅,上海市浦东新区勤益村东张家宅,"121.720438,31.214952",合庆镇
浦东新区,勤益村西张家队,上海市浦东新区勤益村,"121.710353,31.209297",合庆镇
浦东新区,青鸟路269弄,上海市浦东新区青鸟路269弄,"121.809095,30.906306",泥城镇
浦东新区,青三村龚家宅,上海市浦东新区龚家宅,"121.646935,31.205135",唐镇
浦东新区,庆星村凤家码头,上海市浦东新区凤家码头,"121.718582,31.235358",合庆镇
浦东新区,秋霞路39号,上海市浦东新区秋霞路39号,"121.591845,31.336706",高桥镇
浦东新区,人民东路22弄,上海市浦东新区人民东路22弄,"121.784265,31.047816",惠南镇
浦东新区,人民西路141弄,上海市浦东新区人民西路141弄,"121.751921,31.047331",惠南镇
浦东新区,森林村陶家宅,上海市浦东新区陶家宅,"121.683447,31.123296",川沙新镇
浦东新区,上川路1501号公司生活区,上海市浦东新区上川路1501号,"121.664068,31.277819",曹路镇
浦东新区,上川路361号,上海市浦东新区上川路361号,"121.639408,31.273887",曹路镇
浦东新区,上丰西路536号公司生活区,上海市浦东新区上丰西路,"121.651396,31.234238",唐镇
浦东新区,上南路4960号,上海市浦东新区上南路4960号,"121.517048,31.132725",三林镇
浦东新区,上南路7959弄,上海市浦东新区上南路7959弄,"121.573999,31.119294",康桥镇
浦东新区,胜利路851弄,上海市浦东新区胜利路851弄,"121.700587,31.247621",合庆镇
浦东新区,盛夏路738弄,上海市浦东新区盛夏路738弄,"121.628884,31.203013",张江镇
浦东新区,施镇村盛家宅,上海市浦东新区盛家宅,"121.697502,31.161824",川沙新镇
浦东新区,石皮路95弄,上海市浦东新区石皮路95弄,"121.702548,31.196141",川沙新镇
浦东新区,唐陆公路369号工地生活区,上海市浦东新区唐陆公路369号,"121.626240,31.254624",金桥镇
浦东新区,塘南路159弄,上海市浦东新区塘南路159弄,"121.509563,31.202543",南码头路街道
浦东新区,天花庵村北陈队陈家宅,上海市浦东新区陈家宅,"121.565209,31.176723",北蔡镇
浦东新区,铁桥村,上海市浦东新区铁桥村,"121.828748,31.012246",老港镇
浦东新区,听锦路35弄,上海市浦东新区听锦路35弄,"121.760560,31.057928",惠南镇
浦东新区,亭东村胡家宅,上海市金山区胡家宅,"121.370470,30.817981",漕泾镇
浦东新区,通耀路21号公司生活区,上海市松江区松江公司,"121.266322,31.000846",车墩镇
浦东新区,王家街22号,上海市浦东新区王家街22号,"121.580357,31.348153",高桥镇
浦东新区,卫行村张家队顾家宅,上海市浦东新区张家队,"121.547655,31.168015",北蔡镇
浦东新区,西营路62号,上海市浦东新区西营路62号,"121.483245,31.169922",上钢新村街道
浦东新区,奚家村卫家宅,上海市奉贤区卫家宅,"121.460630,30.817463",柘林镇
浦东新区,下南路501号,上海市浦东新区下南路501号,"121.540157,31.172282",北蔡镇
浦东新区,香楠路408弄,上海市浦东新区香楠路408弄,"121.613838,31.213554",张江镇
浦东新区,向东村陆家宅,上海市金山区陆家宅,"121.426399,30.810405",漕泾镇
浦东新区,向东村汤家宅,上海市浦东新区汤家宅,"121.528762,31.133111",三林镇
浦东新区,秀康路959弄,上海市浦东新区秀康路959弄,"121.570668,31.143001",康桥镇
浦东新区,秀沿路1弄,上海市浦东新区秀沿路1弄,"121.543577,31.132966",康桥镇
浦东新区,益民村赵家宅,上海市浦东新区益民村赵家宅,"121.715719,31.217528",合庆镇
浦东新区,银冬路568号公司生活区,上海市浦东新区银冬路568号,"121.635976,31.205075",张江镇
浦东新区,银山路185弄,上海市浦东新区银山路185弄,"121.580490,31.244336",金杨新村街道
浦东新区,玉兰路127弄,上海市浦东新区玉兰路127弄,"121.546873,31.205222",花木街道
浦东新区,园林路85弄,上海市浦东新区园林路85弄,"121.697171,31.117592",川沙新镇
浦东新区,云台路501弄,上海市浦东新区云台路501弄,"121.506586,31.170688",周家渡街道
浦东新区,张江路689号,上海市浦东新区张江路689号,"121.616995,31.204126",张江镇
浦东新区,张杨北路东靖路交界口工地生活区,上海市浦东新区张杨北路/东靖路,"121.588786,31.291563",高行镇
浦东新区,赵高路950弄,上海市浦东新区赵高路950弄,"121.630400,31.310049",高东镇
浦东新区,赵高路958号,上海市浦东新区赵高路958号,"121.630356,31.311494",高东镇
浦东新区,直一村新西家宅,上海市浦东新区新西家宅,"121.696686,31.264387",曹路镇
浦东新区,中界村季家队苏家栅,上海市浦东新区中界村,"121.567958,31.189333",北蔡镇
浦东新区,中界村苏家队朱家宅,上海市嘉定区朱家宅,"121.203232,31.346909",外冈镇
浦东新区,中山路450号,上海市金山区中山路|450号,"121.751196,31.044293",惠南镇
浦东新区,紫叶路127弄,上海市浦东新区紫叶路127弄,"121.551334,31.182544",北蔡镇
黄浦区,北京东路386号,上海市黄浦区北京东路386号,"121.482604,31.240409",外滩街道
黄浦区,曹家街50号,上海市黄浦区曹家街|50号,"121.486217,31.218781",老西门街道
黄浦区,长乐路117号,上海市徐汇区长乐路|117,"121.467372,31.221764",瑞金二路街道
黄浦区,长乐路338号,上海市黄浦区长乐路338号,"121.462896,31.221325",瑞金二路街道
黄浦区,长乐路434弄,上海市黄浦区长乐路434弄,"121.458644,31.220891",瑞金二路街道
黄浦区,车站支路41号,上海市黄浦区车站支路|41,"121.493026,31.208332",半淞园路街道
黄浦区,成都南路160号,上海市黄浦区成都南路|160,"121.468000,31.220875",瑞金二路街道
黄浦区,成都南路95号,上海市黄浦区成都南路95号,"121.467821,31.221616",瑞金二路街道
黄浦区,打浦路58号,上海市黄浦区打浦路58号,"121.470040,31.204152",打浦桥街道
黄浦区,大夫坊30号,上海市黄浦区大夫坊|30,"121.496309,31.221167",小东门街道
黄浦区,大夫坊68号,上海市黄浦区大夫坊|68,"121.496252,31.220541",小东门街道
黄浦区,大境路97弄,上海市黄浦区大境路97弄,"121.485901,31.225671",豫园街道
黄浦区,淡水路201号,上海市黄浦区淡水路|201,"121.473300,31.217678",淮海中路街道
黄浦区,淡水路205号,上海市黄浦区淡水路|205,"121.473316,31.217567",淮海中路街道
黄浦区,淡水路211号,上海市黄浦区淡水路|211,"121.473304,31.217452",淮海中路街道
黄浦区,淡水路250号,上海市黄浦区淡水路250号,"121.473140,31.216713",淮海中路街道
黄浦区,淡水路252号,上海市黄浦区淡水路|252,"121.473186,31.216728",淮海中路街道
黄浦区,淡水路70号,上海市黄浦区淡水路|70号楼,"121.472674,31.217150",淮海中路街道
黄浦区,东江阴街224号,上海市黄浦区东江阴街224号,"121.496371,31.214067",小东门街道
黄浦区,方浜西路75号,上海市黄浦区方浜西路75号,"121.482211,31.221056",豫园街道
黄浦区,福州路40号,上海市黄浦区福州路|40,"121.489614,31.235608",外滩街道
黄浦区,抚安街38弄,上海市黄浦区抚安街38弄,"121.497267,31.220614",小东门街道
黄浦区,复兴东路330号,上海市金山区复兴东路|330,"121.498034,31.220955",小东门街道
黄浦区,复兴东路354号,上海市金山区复兴东路|354,"121.497687,31.220979",小东门街道
黄浦区,广东路200号,上海市黄浦区广东路,"121.484281,31.232578",外滩街道
黄浦区,汉口路126号,上海市黄浦区汉口路126号,"121.487744,31.236637",外滩街道
黄浦区,和顺街25号,上海市黄浦区和顺街25号,"121.497044,31.220602",小东门街道
黄浦区,和顺街27号,上海市黄浦区和顺街|27号,"121.496857,31.220625",小东门街道
黄浦区,和顺街45号,上海市黄浦区和顺街|45号,"121.496735,31.220614",小东门街道
黄浦区,河南中路531弄,上海市黄浦区河南中路531弄,"121.482970,31.239462",外滩街道
黄浦区,火腿弄32号,上海市黄浦区火腿弄|32号,"121.495620,31.221221",小东门街道
黄浦区,灵济街51号,上海市黄浦区灵济街|51,"121.495423,31.221131",小东门街道
黄浦区,灵济街61号,上海市黄浦区灵济街|61,"121.495522,31.221010",小东门街道
黄浦区,鲁班路899号,上海市黄浦区鲁班路899号,"121.480821,31.193868",五里桥街道
黄浦区,马当路284号,上海市黄浦区马当路|284,"121.474637,31.217719",淮海中路街道
黄浦区,马当路294号,上海市黄浦区马当路|294,"121.474672,31.217567",淮海中路街道
黄浦区,马当路326号,上海市黄浦区马当路326号,"121.474778,31.216960",淮海中路街道
黄浦区,马当路347号,上海市黄浦区马当路347号,"121.475590,31.214573",淮海中路街道
黄浦区,梦花街125号,上海市黄浦区梦花街|125,"121.487492,31.218824",老西门街道
黄浦区,面筋弄13号,上海市黄浦区面筋弄|13号,"121.498615,31.220575",小东门街道
黄浦区,面筋弄23号,上海市黄浦区面筋弄|23号,"121.498496,31.220639",小东门街道
黄浦区,宁波路644号,上海市黄浦区宁波路|644号,"121.475487,31.236514",南京东路街道
黄浦区,牛庄路724号,上海市黄浦区牛庄路|724号,"121.476255,31.237458",南京东路街道
黄浦区,蓬莱路194号,上海市青浦区蓬莱路|194,"121.491022,31.217931",老西门街道
黄浦区,普育西支路71号,上海市黄浦区普育西支路|71,"121.492669,31.212216",半淞园路街道
黄浦区,瞿溪路128号,上海市黄浦区瞿溪路|128,"121.493954,31.205921",半淞园路街道
黄浦区,瑞金二路165号,上海市黄浦区瑞金二路|165号,"121.465738,31.213204",瑞金二路街道
黄浦区,瑞金二路246号,上海市黄浦区瑞金二路|246,"121.466233,31.208139",打浦桥街道
黄浦区,瑞金一路157号,上海市黄浦区瑞金一路157号,"121.463794,31.220404",瑞金二路街道
黄浦区,山西南路255弄,上海市黄浦区山西南路255弄,"121.481700,31.237981",外滩街道
黄浦区,山西南路320号,上海市黄浦区山西南路320号,"121.481441,31.239083",外滩街道
黄浦区,绍兴路30号,上海市黄浦区绍兴路|30,"121.465262,31.210108",瑞金二路街道
黄浦区,绍兴路35号,上海市黄浦区绍兴路35号,"121.462608,31.208679",瑞金二路街道
黄浦区,四川中路627号,上海市黄浦区四川中路627号,"121.486062,31.242414",外滩街道
黄浦区,四牌楼路83号,上海市黄浦区四牌楼路|83,"121.495434,31.224086",小东门街道
黄浦区,嵩山路88号,上海市黄浦区嵩山路88号,"121.475474,31.221977",淮海中路街道
黄浦区,天津路188号,上海市黄浦区天津路|188,"121.482691,31.238153",外滩街道
黄浦区,威海路167号,上海市静安区威海路|167,"121.467903,31.227509",南京东路街道
黄浦区,文庙路119号,上海市黄浦区文庙路|119,"121.489435,31.218344",老西门街道
黄浦区,西藏南路1225号,上海市黄浦区西藏南路1225号,"121.487176,31.209319",半淞园路街道
黄浦区,西藏南路1415号,上海市黄浦区西藏南路1415号,"121.488353,31.204823",半淞园路街道
黄浦区,西藏南路311弄,上海市黄浦区西藏南路311弄,"121.481896,31.222652",豫园街道
黄浦区,斜土东路23弄,上海市黄浦区斜土东路23弄,"121.490570,31.208712",半淞园路街道
黄浦区,兴安路153号,上海市黄浦区兴安路153号,"121.470529,31.220868",瑞金二路街道
黄浦区,学院路139号,上海市奉贤区学院路|139号,"121.494492,31.223389",豫园街道
黄浦区,永年路92弄,上海市黄浦区永年路92弄,"121.479834,31.212645",打浦桥街道
黄浦区,制造局路365弄,上海市黄浦区制造局路365弄,"121.485194,31.205648",半淞园路街道
黄浦区,制造局路781号,上海市黄浦区制造局路|781号,"121.485918,31.199681",半淞园路街道
黄浦区,中华路1316号,上海市金山区中华路,"121.354812,30.859215",亭林镇
黄浦区,中华路1318号,上海市黄浦区中华路1318号,"121.486372,31.216637",老西门街道
黄浦区,中华路168弄,上海市金山区中华路,"121.354812,30.859215",亭林镇
黄浦区,中华路381号,上海市金山区中华路|381,"121.498438,31.219380",小东门街道
黄浦区,中山南路256弄,上海市黄浦区中山南路,"121.502153,31.210151",小东门街道
黄浦区,庄家街82弄,上海市黄浦区庄家街82弄,"121.488347,31.219664",老西门街道
静安区,安泽路78号,上海市静安区安泽路78号,"121.446458,31.313145",彭浦新村街道
静安区,宝昌路738弄,上海市静安区宝昌路738弄,"121.470536,31.263986",宝山路街道
静安区,保德路681弄,上海市静安区保德路681弄,"121.453323,31.315872",彭浦新村街道
静安区,北京西路1110弄,上海市静安区北京西路1110弄,"121.453593,31.229991",江宁路街道
静安区,北京西路1192弄,上海市静安区北京西路1192弄,"121.452302,31.229808",江宁路街道
静安区,北京西路1626号,上海市黄浦区北京西路|1626,"121.445005,31.226386",静安寺街道
静安区,北京西路1850号,上海市静安区北京西路1850号,"121.441811,31.223746",静安寺街道
静安区,昌化路400弄,上海市静安区昌化路400弄,"121.451024,31.238329",江宁路街道
静安区,昌化路430弄,上海市静安区昌化路430弄,"121.450502,31.238778",江宁路街道
静安区,昌化路435弄,上海市静安区昌化路435弄,"121.450349,31.238608",江宁路街道
静安区,昌化路441号,上海市静安区昌化路441号,"121.450275,31.238733",江宁路街道
静安区,昌平路418弄,上海市静安区昌平路418弄,"121.447215,31.236753",江宁路街道
静安区,昌平路428弄,上海市静安区昌平路428弄,"121.447052,31.236195",江宁路街道
静安区,常德路418号,上海市静安区常德路418号,"121.446914,31.228241",江宁路街道
静安区,常德路617弄,上海市静安区常德路617弄,"121.444581,31.230840",江宁路街道
静安区,常德路629号,上海市静安区常德路629号,"121.444872,31.231243",江宁路街道
静安区,常德路655号,上海市普陀区常德路|655,"121.444422,31.231717",江宁路街道
静安区,常德路681号,上海市普陀区常德路|681号,"121.444139,31.231871",江宁路街道
静安区,常德路980号,上海市静安区常德路,"121.442022,31.234903",江宁路街道
静安区,场中路1310弄,上海市静安区场中路1310弄,"121.459875,31.305296",临汾路街道
静安区,大宁路535弄,上海市静安区大宁路535弄,"121.449232,31.274818",大宁路街道
静安区,大宁路602号,上海市静安区大宁路602号,"121.449150,31.273364",大宁路街道
静安区,大宁路660弄,上海市静安区大宁路660弄,"121.449221,31.271442",大宁路街道
静安区,福建北路228弄,上海市静安区228弄,"121.469421,31.243837",北站街道
静安区,富民路255弄,上海市静安区富民路255弄,"121.451852,31.218155",南京西路街道
静安区,高平路539号,上海市静安区高平路539号,"121.427663,31.286674",彭浦镇
静安区,公兴路45弄,上海市静安区公兴路45弄,"121.475419,31.253325",宝山路街道
静安区,广延路123号,上海市静安区广延路123号,"121.457182,31.274138",大宁路街道
静安区,广延路140号,上海市静安区广延路140号,"121.456444,31.274046",大宁路街道
静安区,广延路555弄,上海市静安区广延路555弄,"121.455488,31.280820",大宁路街道
静安区,国庆路3弄,上海市静安区国庆路3弄,"121.470815,31.241338",北站街道
静安区,海防路390弄,上海市静安区海防路,"121.446617,31.238624",江宁路街道
静安区,海防路406号,上海市静安区海防路|406号,"121.445247,31.238058",江宁路街道
静安区,海防路410弄,上海市静安区海防路410弄,"121.445116,31.238498",江宁路街道
静安区,海防路413号,上海市静安区海防路|413,"121.445512,31.237923",江宁路街道
静安区,河南北路485号,上海市静安区河南北路485号,"121.479376,31.249658",北站街道
静安区,恒丰路64弄,上海市静安区恒丰路64弄,"121.457420,31.239780",天目西路街道
静安区,江场西路299号,上海市静安区江场西路299号,"121.442645,31.297024",大宁路街道
静安区,江宁路777号,上海市静安区江宁路777号,"121.448025,31.238889",江宁路街道
静安区,胶州路170弄,上海市静安区胶州路170弄,"121.444310,31.227204",静安寺街道
静安区,胶州路424弄,上海市静安区胶州路424弄,"121.442296,31.231120",江宁路街道
静安区,景凤路185号,上海市静安区景凤路185号,"121.463931,31.319491",临汾路街道
静安区,景凤路189号,上海市静安区景凤路|189,"121.462882,31.320147",临汾路街道
静安区,康定东路87弄,上海市静安区康定东路87弄,"121.455906,31.237231",石门二路街道
静安区,康定路1353弄,上海市静安区康定路1353弄,"121.432094,31.229430",曹家渡街道
静安区,康定路408号,上海市静安区康定路408号,"121.448606,31.234464",江宁路街道
静安区,康定路418弄,上海市静安区康定路418弄,"121.448228,31.234678",江宁路街道
静安区,康定路420号,上海市静安区康定路420号,"121.448312,31.234347",江宁路街道
静安区,康定路432号,上海市静安区康定路432号,"121.448191,31.234277",江宁路街道
静安区,康定路733弄,上海市静安区康定路733弄,"121.443298,31.231611",江宁路街道
静安区,康定路883号,上海市静安区康定路|883,"121.440361,31.230660",曹家渡街道
静安区,老沪太路235号,上海市静安区老沪太路235号,"121.452136,31.268059",大宁路街道
静安区,老沪太路255弄,上海市静安区老沪太路255弄,"121.451439,31.268412",大宁路街道
静安区,临山路176号,上海市静安区临山路|176号,"121.473841,31.254822",宝山路街道
静安区,临山路203弄,上海市静安区临山路203弄,"121.473054,31.254888",宝山路街道
静安区,临山路206弄,上海市静安区临山路206弄,"121.473696,31.254524",宝山路街道
静安区,灵石路1197号,上海市静安区灵石路1197号,"121.426939,31.272634",彭浦镇
静安区,茂名北路318弄,上海市静安区茂名北路318弄,"121.459308,31.228973",南京西路街道
静安区,茂名北路41弄,上海市静安区茂名北路,"121.458560,31.228909",南京西路街道
静安区,蒙古路117弄,上海市静安区蒙古路,"121.469957,31.243379",北站街道
静安区,秣陵路355号,上海市静安区秣陵路355号,"121.452491,31.249752",天目西路街道
静安区,彭浦新村415号,上海市静安区彭浦新村|415号,"121.455480,31.308849",临汾路街道
静安区,平顺路287号,上海市静安区平顺路,"121.452304,31.313006",彭浦新村街道
静安区,七浦路257号,上海市静安区七浦路,"121.477447,31.245246",北站街道
静安区,虬江路1491号,上海市静安区虬江路1491号,"121.464618,31.250030",芷江西路街道
静安区,陕西北路63号,上海市静安区陕西北路63号,"121.456404,31.224880",南京西路街道
静安区,陕西北路868弄,上海市静安区陕西北路868弄,"121.448342,31.236379",江宁路街道
静安区,寿阳路1500号,上海市静安区寿阳路1500号,"121.455797,31.300384",大宁路街道
静安区,太阳山路188弄,上海市静安区太阳山路188弄,"121.460743,31.249194",芷江西路街道
静安区,泰兴路625弄,上海市静安区泰兴路625弄,"121.455942,31.236709",江宁路街道
静安区,天潼路860号,上海市静安区泰兴路625弄,"121.455942,31.236709",江宁路街道
静安区,万航渡路458弄,上海市静安区万航渡路458弄,"121.435813,31.224226",静安寺街道
静安区,万航渡路55弄,上海市静安区万航渡路55弄,"121.443611,31.224653",静安寺街道
静安区,万荣路858弄,上海市静安区万荣路,"121.443781,31.278495",彭浦镇
静安区,闻喜路798号,上海市静安区闻喜路,"121.460639,31.308447",临汾路街道
静安区,乌鲁木齐北路16号,上海市静安区乌鲁木齐北路16号,"121.440523,31.224957",静安寺街道
静安区,乌鲁木齐中路15弄,上海市静安区乌鲁木齐中路15弄,"121.444904,31.216538",静安寺街道
静安区,乌鲁木齐中路27号,上海市静安区乌鲁木齐中路|27,"121.444387,31.215940",静安寺街道
静安区,乌鲁木齐中路9弄,上海市静安区乌鲁木齐中路9弄,"121.444456,31.216480",静安寺街道
静安区,武定路869号,上海市静安区武定路|869,"121.444853,31.230647",江宁路街道
静安区,西康路608号,上海市静安区西康路608号,"121.446368,31.235069",江宁路街道
静安区,西康路892号,上海市静安区西康路|892,"121.443344,31.238669",江宁路街道
静安区,新丰路330号,上海市奉贤区新丰路|330,"121.445017,31.239269",江宁路街道
静安区,新丰路347号,上海市奉贤区新丰路|347,"121.444151,31.238639",江宁路街道
静安区,新丰路359号,上海市奉贤区新丰路|359,"121.444037,31.238567",江宁路街道
静安区,新丰路361号,上海市奉贤区新丰路|361,"121.444020,31.238559",江宁路街道
静安区,新丰路372号,上海市奉贤区新丰路|372号,"121.443777,31.238634",江宁路街道
静安区,新闸路1378弄,上海市静安区新闸路1378弄,"121.449950,31.232024",江宁路街道
静安区,延长路288号,上海市静安区延长路|288号,"121.454634,31.271044",大宁路街道
静安区,延长中路576号,上海市静安区延长中路576号,"121.450277,31.269014",大宁路街道
静安区,阳曲路781弄,上海市静安区阳曲路781弄,"121.459771,31.318957",临汾路街道
静安区,永和路118弄,上海市静安区永和路118弄,"121.446276,31.289491",大宁路街道
静安区,永和路58号,上海市静安区永和路,"121.442632,31.287927",大宁路街道
静安区,永和路777弄,上海市静安区永和路,"121.442632,31.287927",大宁路街道
静安区,永兴路140号,上海市静安区永兴路|140,"121.474155,31.253919",宝山路街道
静安区,余姚路338号,上海市静安区余姚路338号,"121.437249,31.235195",曹家渡街道
静安区,余姚路417号,上海市静安区余姚路417号,"121.436105,31.234290",曹家渡街道
静安区,愚园路355号,上海市静安区愚园路355号,"121.441752,31.222980",静安寺街道
静安区,愚园路541弄,上海市静安区愚园路541弄,"121.438510,31.220859",静安寺街道
静安区,愚园路579弄,上海市静安区愚园路579弄,"121.438372,31.221378",静安寺街道
静安区,愚园路608弄,上海市静安区愚园路608弄,"121.436785,31.221714",静安寺街道
静安区,愚园路637号,上海市静安区愚园路637号,"121.436736,31.220892",静安寺街道
静安区,裕通路59号,上海市静安区裕通路,"121.453455,31.244544",天目西路街道
静安区,原平路777弄,上海市静安区原平路777弄,"121.429985,31.292730",彭浦镇
静安区,长乐路930弄,上海市静安区长乐路930弄,"121.445743,31.215745",静安寺街道
静安区,止园路306号,上海市静安区止园路|306,"121.469644,31.258391",宝山路街道
静安区,芷江中路274号,上海市静安区芷江中路274号,"121.471431,31.259371",宝山路街道
静安区,中山北路178号,上海市静安区中山北路178号,"121.471109,31.265458",宝山路街道
静安区,中山北路280弄,上海市静安区中山北路280弄,"121.469428,31.263390",宝山路街道
静安区,中兴路45弄,上海市静安区中兴路,"121.462661,31.252025",芷江西路街道
徐汇区,安福路41号,上海市徐汇区安福路|41,"121.447370,31.214839",湖南路街道
徐汇区,东湖路56弄,上海市徐汇区东湖路56弄,"121.454616,31.216414",湖南路街道
徐汇区,番禺路1207号,上海市徐汇区番禺路1207-1号,"121.425027,31.190856",徐家汇街道
徐汇区,番禺路875弄,上海市徐汇区番禺路875弄,"121.428667,31.196956",徐家汇街道
徐汇区,古美路1035弄,上海市徐汇区古美路,"121.397973,31.162238",虹梅路街道
徐汇区,广元西路303号,上海市徐汇区广元西路303-305号,"121.433119,31.195256",徐家汇街道
徐汇区,桂平路285号,上海市徐汇区桂平路285号,"121.407014,31.159117",康健新村街道
徐汇区,桂平路295号,上海市徐汇区桂平路295号,"121.407032,31.159361",康健新村街道
徐汇区,淮海西路241号,上海市徐汇区淮海西路241号,"121.426043,31.197695",徐家汇街道
徐汇区,嘉善路127号,上海市徐汇区嘉善路|127,"121.459481,31.209719",天平路街道
徐汇区,嘉善路222号,上海市徐汇区嘉善路222号,"121.459562,31.208999",天平路街道
徐汇区,建国西路293号,上海市徐汇区建国西路293号,"121.457860,31.204875",天平路街道
徐汇区,建国西路395弄,上海市徐汇区建国西路395弄,"121.454318,31.204230",天平路街道
徐汇区,乐山八九村,上海市徐汇区乐山八九村,"121.430681,31.196413",徐家汇街道
徐汇区,零陵路365号,上海市徐汇区零陵路365号,"121.455091,31.191141",枫林路街道
徐汇区,零陵路508号,上海市徐汇区零陵路508号,"121.452991,31.189926",枫林路街道
徐汇区,零陵路627号,上海市徐汇区零陵路627号,"121.446752,31.187965",徐家汇街道
徐汇区,龙水南路370号,上海市徐汇区龙水南路370号,"121.451318,31.153500",龙华街道
徐汇区,罗秀路1139号,上海市徐汇区罗秀路,"121.431326,31.130910",凌云路街道
徐汇区,梅陇路394弄,上海市徐汇区梅陇路394弄,"121.415952,31.137702",凌云路街道
徐汇区,南昌路593号,上海市徐汇区南昌路|593,"121.457738,31.214335",湖南路街道
徐汇区,南丹东路333弄,上海市徐汇区南丹东路,"121.443169,31.190436",徐家汇街道
徐汇区,强生花苑,上海市徐汇区强生花苑,"121.444793,31.176054",龙华街道
徐汇区,陕西南路528弄,上海市静安区陕西南路,"121.457161,31.221057",南京西路街道
徐汇区,双峰路321号,上海市徐汇区双峰路321-441号,"121.449339,31.181210",枫林路街道
徐汇区,宛平南路727弄,上海市徐汇区宛平南路727弄,"121.450629,31.186641",枫林路街道
徐汇区,宛平南路858号,上海市徐汇区宛平南路|858号,"121.451363,31.184053",枫林路街道
徐汇区,襄阳南路155弄,上海市徐汇区襄阳南路155弄,"121.457268,31.213717",湖南路街道
徐汇区,斜土路2177号,上海市徐汇区斜土路2177号,"121.449137,31.192846",枫林路街道
徐汇区,秀山路16弄,上海市徐汇区秀山路16弄,"121.430063,31.195461",徐家汇街道
徐汇区,徐虹北路28弄,上海市徐汇区徐虹北路28弄,"121.428443,31.190360",徐家汇街道
徐汇区,延庆路94号,上海市徐汇区延庆路|94号,"121.451026,31.215210",湖南路街道
徐汇区,医学院路48弄,上海市徐汇区医学院路,"121.460280,31.200220",斜土路街道
徐汇区,永福路86弄,上海市徐汇区永福路86弄,"121.442781,31.210120",湖南路街道
徐汇区,永嘉路134号,上海市徐汇区永嘉路134号,"121.459728,31.209672",天平路街道
徐汇区,永嘉路140弄,上海市徐汇区永嘉路,"121.453003,31.206284",天平路街道
徐汇区,永康路77号,上海市徐汇区永康路77号,"121.457904,31.210773",天平路街道
长宁区,安顺路258弄,上海市长宁区安顺路258弄,"121.414296,31.200799",天山路街道
长宁区,安顺路83号,上海市长宁区安顺路83号,"121.422665,31.201118",新华路街道
长宁区,长顺路101号,上海市长宁区长顺路|101,"121.417119,31.200458",虹桥街道
长宁区,东诸安浜路231号,上海市长宁区东诸安浜路231号,"121.432014,31.217808",江苏路街道
长宁区,虹梅路3896弄,上海市长宁区虹梅路3896号,"121.383315,31.193575",程家桥街道
长宁区,虹桥路1980号（住宅）,上海市长宁区虹桥路1980号,"121.383996,31.195899",虹桥街道
长宁区,虹桥路1985号,上海市崇明区虹桥路|1985,"121.384315,31.197050",程家桥街道
长宁区,虹桥路967弄,上海市长宁区虹桥路967弄,"121.417736,31.196360",虹桥街道
长宁区,华山路894弄（住宅）,上海市长宁区华山路894弄,"121.438460,31.212849",江苏路街道
长宁区,凯旋路1259号,上海市长宁区凯旋路1259号,"121.419084,31.200915",虹桥街道
长宁区,玛瑙路58弄,上海市长宁区玛瑙路58弄,"121.403235,31.192576",虹桥街道
长宁区,茅台路281号,上海市长宁区茅台路281号,"121.398365,31.209695",仙霞新村街道
长宁区,茅台路295弄,上海市长宁区茅台路295弄,"121.397685,31.208889",仙霞新村街道
长宁区,平塘路100弄（住宅）,上海市长宁区平塘路100弄,"121.365764,31.222772",北新泾街道
长宁区,新华路365弄（住宅）,上海市长宁区新华路365弄,"121.425113,31.202566",新华路街道
长宁区,新华路413弄（住宅）,上海市长宁区新华路413弄,"121.424608,31.203159",新华路街道
长宁区,延安西路1446弄,上海市长宁区延安西路1446弄,"121.423034,31.209176",新华路街道
长宁区,延安西路1764号,上海市长宁区延安西路1764号,"121.412197,31.209713",天山路街道
长宁区,昭化路86号,上海市长宁区昭化路|86号,"121.427255,31.212093",华阳路街道
普陀区,安远路662弄,上海市普陀区安远路662弄,"121.435051,31.235916",长寿路街道
普陀区,澳门路356号,上海市普陀区澳门路356号,"121.441530,31.247049",长寿路街道
普陀区,澳门路508号,上海市普陀区澳门路|508号,"121.439751,31.245846",长寿路街道
普陀区,白玉路98弄,上海市普陀区白玉路98弄,"121.417327,31.236148",长风新村街道
普陀区,北石路114号,上海市普陀区北石路114号,"121.403862,31.248424",真如镇街道
普陀区,北石路116号,上海市普陀区北石路116号,"121.403780,31.248369",真如镇街道
普陀区,曹杨路2147号,上海市普陀区曹杨路2147号,"121.404644,31.258735",真如镇街道
普陀区,曹杨路421号,上海市普陀区曹杨路421号,"121.419614,31.236043",长风新村街道
普陀区,曹杨路675号,上海市普陀区曹杨路|675,"121.415094,31.239252",曹杨新村街道
普陀区,常德路1211号,上海市普陀区常德路1211号,"121.438296,31.239383",长寿路街道
普陀区,常德路1295号,上海市普陀区常德路1295号,"121.435345,31.241545",长寿路街道
普陀区,长寿路478弄,上海市普陀区长寿路478弄,"121.436590,31.240480",长寿路街道
普陀区,东新支路68号,上海市普陀区东新支路68-72号,"121.426008,31.241932",长寿路街道
普陀区,府村路400号,上海市普陀区府村路|400号,"121.414221,31.260018",石泉路街道
普陀区,光复西路南林家港,上海市普陀区光复西路,"121.403680,31.221134",长风新村街道
普陀区,光新路256弄,上海市普陀区光新路256弄,"121.431852,31.253919",宜川路街道
普陀区,红柳路325号,上海市普陀区红柳路325号,"121.354820,31.296793",桃浦镇
普陀区,金通路199号,上海市普陀区金通路199号,"121.342588,31.281180",桃浦镇
普陀区,兰溪路227号,上海市普陀区兰溪路|227号,"121.402110,31.246958",真如镇街道
普陀区,岚皋西路320号,上海市普陀区岚皋西路|320号,"121.420340,31.246455",石泉路街道
普陀区,柳园路298号,上海市普陀区柳园路298号,"121.348709,31.296803",桃浦镇
普陀区,梅川路904号,上海市普陀区梅川路904号,"121.389291,31.240552",长征镇
普陀区,南大街7号,上海市普陀区南大街7号,"121.403160,31.247949",真如镇街道
普陀区,南大街9号,上海市普陀区南大街9号,"121.403013,31.247952",真如镇街道
普陀区,宁夏路122号,上海市虹口区宁夏路|122号,"121.413421,31.231660",长风新村街道
普陀区,石泉路415弄,上海市普陀区石泉路415弄,"121.419353,31.246765",石泉路街道
普陀区,顺义路295号,上海市普陀区顺义路295号,"121.416299,31.230266",长风新村街道
普陀区,绥德路607号,上海市普陀区绥德路607号,"121.370772,31.265637",桃浦镇
普陀区,绥德路629号,上海市普陀区绥德路629号,"121.368690,31.265722",桃浦镇
普陀区,桃浦西路641弄201支弄,上海市普陀区桃浦西路641弄201支弄,"121.387250,31.276454",桃浦镇
普陀区,铜川路1897弄,上海市普陀区铜川路1897弄,"121.384060,31.251921",真如镇街道
普陀区,铜川路346弄,上海市普陀区铜川路346弄,"121.413785,31.253508",石泉路街道
普陀区,武威东路478弄,上海市普陀区武威东路478弄,"121.399879,31.275338",万里街道
普陀区,西康路1068号,上海市普陀区西康路1068号,"121.441448,31.241536",长寿路街道
普陀区,西康路1369号,上海市普陀区西康路1369号,"121.436178,31.243906",长寿路街道
普陀区,新村路1901弄,上海市普陀区新村路1901弄,"121.403264,31.270135",万里街道
普陀区,云岭东路570号,上海市普陀区云岭东路570号,"121.385198,31.223525",长风新村街道
普陀区,真北路1113弄,上海市普陀区真北路1113弄,"121.383172,31.237773",长征镇
普陀区,志丹路260弄,上海市普陀区志丹路260弄,"121.431036,31.264423",甘泉路街道
普陀区,中化新村,上海市普陀区中化新村,"121.417085,31.232117",长风新村街道
普陀区,中山北路2216号,上海市普陀区中山北路2216号,"121.429018,31.246239",长寿路街道
普陀区,中山北路2626弄,上海市普陀区中山北路2626弄,"121.421499,31.242485",长寿路街道
虹口区,宝山路633号,上海市虹口区宝山路|633号,"121.479478,31.260335",广中路街道
虹口区,宝山路748号,上海市虹口区宝山路748号,"121.479307,31.261419",广中路街道
虹口区,宝山路886号,上海市虹口区宝山路886号,"121.479350,31.265345",广中路街道
虹口区,保定路229弄,上海市虹口区保定路,"121.505094,31.263143",嘉兴路街道
虹口区,保定路412号,上海市虹口区保定路|412号,"121.509500,31.260500",北外滩街道
虹口区,长春路314号,上海市崇明区长春路|314,"121.484930,31.263230",四川北路街道
虹口区,长治路177号,上海市虹口区长治路|177,"121.492472,31.247559",北外滩街道
虹口区,川公路66号,上海市静安区川公路,"121.479850,31.255081",宝山路街道
虹口区,大连路270弄,上海市虹口区大连路,"121.505939,31.266225",嘉兴路街道
虹口区,大连西路540弄,上海市虹口区大连西路540弄,"121.485093,31.275949",曲阳路街道
虹口区,大连西路86号,上海市虹口区大连西路86-2号,"121.494444,31.276601",曲阳路街道
虹口区,大连西路94号,上海市虹口区大连西路94号,"121.493556,31.277462",曲阳路街道
虹口区,丹徒路215号,上海市虹口区丹徒路|215,"121.502877,31.254087",北外滩街道
虹口区,丹徒路372号,上海市虹口区丹徒路,"121.501830,31.255895",北外滩街道
虹口区,丹徒路405号,上海市虹口区丹徒路405号,"121.501331,31.256904",北外滩街道
虹口区,东宝兴路47弄,上海市虹口区东宝兴路,"121.480240,31.260590",四川北路街道
虹口区,东宝兴路653号,上海市静安区东宝兴路|653,"121.476788,31.261617",广中路街道
虹口区,东宝兴路655号,上海市虹口区东宝兴路655号,"121.476746,31.261632",广中路街道
虹口区,东宝兴路657弄,上海市虹口区东宝兴路657弄,"121.476731,31.261622",广中路街道
虹口区,东宝兴路665号,上海市虹口区东宝兴路665号,"121.476670,31.261689",广中路街道
虹口区,东宝兴路711号,上海市静安区东宝兴路|711,"121.476077,31.262202",广中路街道
虹口区,东宝兴路715号,上海市静安区东宝兴路|715,"121.476066,31.262248",广中路街道
虹口区,东宝兴路745号,上海市静安区东宝兴路|745,"121.475481,31.262526",广中路街道
虹口区,东宝兴路750弄,上海市虹口区东宝兴路,"121.480240,31.260590",四川北路街道
虹口区,东体育会路1115弄,上海市虹口区东体育会路,"121.487910,31.284202",曲阳路街道
虹口区,丰镇路788号,上海市虹口区丰镇路788号,"121.469878,31.304915",江湾镇街道
虹口区,甘河路111号,上海市虹口区甘河路|111号,"121.489812,31.288281",曲阳路街道
虹口区,公安街11弄,上海市虹口区公安街11弄,"121.480726,31.301816",江湾镇街道
虹口区,公平路630号,上海市虹口区公平路,"121.504601,31.254857",北外滩街道
虹口区,广灵二路385弄,上海市虹口区广灵二路385弄,"121.469186,31.281724",凉城新村街道
虹口区,广灵四路480弄,上海市虹口区480弄,"121.472446,31.290095",凉城新村街道
虹口区,广灵一路39弄,上海市虹口区广灵一路39弄,"121.478087,31.278472",广中路街道
虹口区,广粤路289弄,上海市虹口区广粤路289弄,"121.464519,31.287335",凉城新村街道
虹口区,广粤路561号,上海市虹口区广粤路|561,"121.467033,31.293453",凉城新村街道
虹口区,海伦西路41号,上海市虹口区海伦西路|41,"121.484735,31.258928",四川北路街道
虹口区,海门路71号,上海市虹口区海门路,"121.501706,31.256987",北外滩街道
虹口区,海南路66号,上海市虹口区海南路,"121.485827,31.253812",四川北路街道
虹口区,恒业路180号,上海市虹口区恒业路180号,"121.475844,31.267965",广中路街道
虹口区,胡家木桥35弄,上海市闵行区35弄,"121.408365,31.146024",古美街道
虹口区,华昌路47号,上海市青浦区华昌路|47,"121.477769,31.261853",广中路街道
虹口区,霍山路247号,上海市虹口区霍山路247号,"121.512538,31.255386",北外滩街道
虹口区,奎照路42号,上海市虹口区奎照路,"121.474383,31.300222",凉城新村街道
虹口区,昆明路84号,上海市虹口区昆明路84号,"121.507542,31.255295",北外滩街道
虹口区,昆山花园路10号,上海市虹口区昆山花园路|10号,"121.486196,31.249159",四川北路街道
虹口区,昆山花园路11号,上海市虹口区昆山花园路|11号,"121.486324,31.248938",四川北路街道
虹口区,昆山路214号,上海市虹口区昆山路214-222号,"121.486528,31.249465",四川北路街道
虹口区,昆山路227号,上海市闵行区昆山路|227,"121.486181,31.249262",四川北路街道
虹口区,溧阳路349号,上海市虹口区溧阳路|349,"121.492526,31.250570",北外滩街道
虹口区,凉城路2196号,上海市虹口区凉城路2196号,"121.472276,31.308585",江湾镇街道
虹口区,临平北路28号,上海市虹口区临平北路28号,"121.493078,31.263041",嘉兴路街道
虹口区,临平北路5弄,上海市虹口区临平北路5弄,"121.493877,31.263408",嘉兴路街道
虹口区,临平路111弄,上海市虹口区临平路,"121.498053,31.260797",嘉兴路街道
虹口区,临平路13号,上海市虹口区临平路,"121.498053,31.260797",嘉兴路街道
虹口区,临平路760号,上海市虹口区临平路,"121.498053,31.260797",嘉兴路街道
虹口区,临平路8号,上海市虹口区临平路8号,"121.499300,31.259901",嘉兴路街道
虹口区,柳营路18弄,上海市静安区柳营路,"121.455570,31.263640",共和新路街道
虹口区,马厂路19弄,上海市虹口区马厂路19弄,"121.494856,31.247915",北外滩街道
虹口区,闵行路188弄,上海市虹口区闵行路188弄,"121.491901,31.247732",北外滩街道
虹口区,曲阳路250弄,上海市虹口区曲阳路250弄,"121.488274,31.277815",曲阳路街道
虹口区,瑞虹路111弄,上海市虹口区瑞虹路,"121.500290,31.266031",嘉兴路街道
虹口区,瑞虹路35号,上海市虹口区瑞虹路|35,"121.497549,31.260852",嘉兴路街道
虹口区,瑞虹路43号,上海市虹口区瑞虹路|43,"121.498083,31.260266",嘉兴路街道
虹口区,瑞虹路85弄,上海市虹口区瑞虹路,"121.500290,31.266031",嘉兴路街道
虹口区,三门路681号,上海市虹口区三门路681号,"121.482769,31.311589",江湾镇街道
虹口区,三门路738弄,上海市虹口区三门路738弄,"121.481992,31.311296",江湾镇街道
虹口区,沙泾路178号,上海市虹口区沙泾路|178,"121.492541,31.256694",嘉兴路街道
虹口区,商丘路399号,上海市虹口区商丘路|399号,"121.495862,31.252232",北外滩街道
虹口区,水电路1130弄,上海市虹口区水电路1130弄,"121.477095,31.287608",凉城新村街道
虹口区,水电路386弄,上海市虹口区水电路386弄,"121.474539,31.276951",广中路街道
虹口区,水电路682号,上海市虹口区水电路682号,"121.475249,31.283082",凉城新村街道
虹口区,四川北路2087号,上海市虹口区四川北路|2087,"121.482401,31.264763",四川北路街道
虹口区,四川北路66号,上海市虹口区四川北路,"121.485088,31.249080",四川北路街道
虹口区,四川北路71号,上海市虹口区四川北路71号,"121.484142,31.245617",四川北路街道
虹口区,四川北路859号,上海市虹口区四川北路859号,"121.484166,31.248390",四川北路街道
虹口区,四平路261弄,上海市杨浦区四平路,"121.514556,31.298281",五角场街道
虹口区,四平路283弄,上海市虹口区四平路283号,"121.489711,31.263736",四川北路街道
虹口区,四平路575弄,上海市虹口区四平路575弄,"121.495727,31.270063",欧阳路街道
虹口区,四平路862号,上海市虹口区四平路862号,"121.500910,31.274069",嘉兴路街道
虹口区,松花江路2628号,上海市虹口区松花江路2628号,"121.498949,31.292580",曲阳路街道
虹口区,唐山路336号,上海市杨浦区唐山路|336,"121.502381,31.253499",北外滩街道
虹口区,唐山路870弄,上海市虹口区唐山路870弄,"121.509221,31.259808",北外滩街道
虹口区,塘沽路617号,上海市静安区塘沽路|617,"121.483454,31.247457",四川北路街道
虹口区,天宝路281号,上海市虹口区天宝路|281,"121.498065,31.264782",嘉兴路街道
虹口区,天宝路881号,上海市虹口区天宝路881号,"121.500589,31.271259",嘉兴路街道
虹口区,天宝西路277号,上海市虹口区天宝西路277号,"121.492240,31.274554",欧阳路街道
虹口区,天宝西路28弄,上海市虹口区天宝西路,"121.494948,31.274372",欧阳路街道
虹口区,天宝西路6号,上海市虹口区天宝西路6号,"121.495752,31.274001",欧阳路街道
虹口区,天水路106号,上海市虹口区天水路106号,"121.490938,31.259512",嘉兴路街道
虹口区,天通庵路549号,上海市虹口区天通庵路549号,"121.476045,31.262306",广中路街道
虹口区,天通庵路610号,上海市虹口区天通庵路|610号,"121.476267,31.263327",广中路街道
虹口区,通州路409号,上海市虹口区通州路|409号,"121.494079,31.258603",嘉兴路街道
虹口区,通州路421号,上海市虹口区通州路421号,"121.493563,31.258914",嘉兴路街道
虹口区,同心路973号,上海市崇明区同心路|973号,"121.469732,31.273785",广中路街道
虹口区,文迁路8号,上海市虹口区文迁路|8,"121.480790,31.302060",江湾镇街道
虹口区,汶水路30弄,上海市静安区汶水路,"121.442830,31.291476",大宁路街道
虹口区,祥德路110号,上海市虹口区祥德路110-112号,"121.485888,31.271309",欧阳路街道
虹口区,新市北路1481号,上海市虹口区新市北路1481号,"121.481956,31.304114",江湾镇街道
虹口区,新市南路1420弄,上海市虹口区新市南路,"121.481478,31.292591",江湾镇街道
虹口区,新市南路560弄,上海市虹口区新市南路560弄,"121.480772,31.294075",江湾镇街道
虹口区,玉田支路2弄,上海市虹口区玉田支路2弄,"121.494096,31.280754",曲阳路街道
虹口区,岳州路319弄,上海市虹口区岳州路319弄,"121.501702,31.260373",嘉兴路街道
虹口区,岳州路33弄,上海市虹口区岳州路,"121.500511,31.259222",嘉兴路街道
虹口区,中山北一路284号,上海市虹口区中山北一路284号,"121.479659,31.277187",广中路街道
虹口区,中山北一路644弄,上海市虹口区中山北一路644弄,"121.483302,31.283405",曲阳路街道
虹口区,周家嘴路468弄,上海市杨浦区周家嘴路,"121.545073,31.280580",延吉新村街道
虹口区,株洲路307弄,上海市虹口区株洲路307弄,"121.466212,31.277685",广中路街道
杨浦区,鞍山路104号,上海市杨浦区鞍山路104号,"121.512277,31.275984",四平路街道
杨浦区,长海路442弄,上海市杨浦区长海路442弄,"121.522275,31.309108",长海路街道
杨浦区,长阳路2066号,上海市杨浦区长阳路|2066号,"121.541275,31.271530",定海路街道
杨浦区,长阳路3066号,上海市杨浦区长阳路3066号,"121.549144,31.278242",定海路街道
杨浦区,大学路248号,上海市杨浦区大学路248号,"121.508503,31.303756",五角场街道
杨浦区,抚顺路254号,上海市杨浦区抚顺路254号,"121.513185,31.279512",四平路街道
杨浦区,阜新路171号,上海市杨浦区阜新路171号,"121.506976,31.277488",四平路街道
杨浦区,共青119弄,上海市闵行区119弄,"121.517160,31.031564",浦江镇
杨浦区,国定路335号,上海市杨浦区国定路335号,"121.508518,31.297191",五角场街道
杨浦区,国年路25弄,上海市杨浦区国年路25弄,"121.510316,31.290930",五角场街道
杨浦区,国年路650弄,上海市杨浦区国年路,"121.506986,31.292777",五角场街道
杨浦区,国伟路456号,上海市杨浦区国伟路456号,"121.531105,31.332043",殷行街道
杨浦区,河间路1405号,上海市杨浦区河间路|1405,"121.550649,31.277330",定海路街道
杨浦区,河间路1409号,上海市杨浦区河间路1409号,"121.550677,31.277376",定海路街道
杨浦区,怀德路41号,上海市松江区怀德路|41号,"121.525307,31.256571",平凉路街道
杨浦区,怀德路526弄,上海市杨浦区怀德路526弄,"121.525564,31.257216",平凉路街道
杨浦区,济宁路29弄,上海市杨浦区济宁路29弄,"121.520475,31.259636",平凉路街道
杨浦区,济宁路479弄,上海市杨浦区济宁路479弄,"121.527519,31.263318",平凉路街道
杨浦区,江浦路1188号,上海市杨浦区江浦路1188号,"121.521247,31.269365",江浦路街道
杨浦区,江浦路1249号,上海市杨浦区江浦路1249号,"121.520057,31.269559",江浦路街道
杨浦区,锦西路88号,上海市杨浦区锦西路88号,"121.511140,31.275663",四平路街道
杨浦区,军工路1280号,上海市杨浦区军工路1280号,"121.545766,31.303704",长海路街道
杨浦区,控江路1667号,上海市杨浦区控江路1667号,"121.515980,31.274128",江浦路街道
杨浦区,控江路57号,上海市杨浦区控江路57号,"121.549903,31.289456",长白新村街道
杨浦区,辽阳路321弄,上海市杨浦区辽阳路321弄,"121.515999,31.260795",江浦路街道
杨浦区,眉州路323号,上海市杨浦区眉州路|323,"121.535009,31.261271",大桥街道
杨浦区,民星路406号,上海市杨浦区民星路406号,"121.537568,31.311637",殷行街道
杨浦区,宁国路460号,上海市杨浦区宁国路460号,"121.534490,31.268044",大桥街道
杨浦区,宁国路77号,上海市杨浦区宁国路|77号,"121.542089,31.256760",大桥街道
杨浦区,宁国南路10号,上海市杨浦区宁国南路10号,"121.542719,31.256163",大桥街道
杨浦区,平凉路2694号,上海市杨浦区平凉路|2694,"121.555626,31.277422",定海路街道
杨浦区,睿达路51弄,上海市杨浦区睿达路51弄,"121.499847,31.327237",新江湾城街道
杨浦区,沈家桥小区,上海市杨浦区沈家桥小区,"121.554464,31.285212",定海路街道
杨浦区,双辽路157号,上海市杨浦区双辽路157-2号,"121.518509,31.270323",江浦路街道
杨浦区,武东路105弄,上海市杨浦区武东路,"121.495600,31.302938",五角场街道
杨浦区,翔殷路250号,上海市杨浦区翔殷路250号,"121.544753,31.307708",长海路街道
杨浦区,许昌路1482号,上海市杨浦区许昌路1482号,"121.513450,31.271209",江浦路街道
杨浦区,永吉路122弄,上海市杨浦区永吉路122弄,"121.532892,31.285299",延吉新村街道
杨浦区,永吉路158号,上海市杨浦区永吉路158号,"121.533332,31.283772",延吉新村街道
杨浦区,周家嘴路1663号,上海市杨浦区周家嘴路1663号,"121.513346,31.265028",江浦路街道
宝山区,长江路180号,上海市宝山区长江路180号,"121.497692,31.351524",淞南镇
宝山区,长江西路160弄,上海市宝山区长江西路,"121.453960,31.336364",张庙街道
宝山区,长江西路1036号,上海市宝山区长江西路1036号,"121.461323,31.339275",淞南镇
宝山区,长江西路1331号,上海市宝山区长江西路|1331,"121.455304,31.337309",张庙街道
宝山区,长江西路1420号,上海市宝山区长江西路1420号,"121.453674,31.336159",张庙街道
宝山区,富联二路100号,上海市宝山区富联二路100号,"121.409906,31.370109",顾村镇
宝山区,革新路31号,上海市浦东新区革新路|31号,"121.452477,31.338389",张庙街道
宝山区,革新路33号,上海市浦东新区革新路|33号,"121.452245,31.338305",张庙街道
宝山区,革新路39号,上海市宝山区革新路|39号,"121.451652,31.338232",张庙街道
宝山区,呼兰路485号,上海市宝山区呼兰路485号,"121.455190,31.347307",淞南镇
宝山区,呼兰路635号,上海市宝山区呼兰路635号,"121.446484,31.343298",张庙街道
宝山区,沪太路1777号,上海市宝山区沪太路1777号,"121.420470,31.287665",大场镇
宝山区,江杨南路1600弄,上海市宝山区江杨南路1600弄,"121.463828,31.335449",淞南镇
宝山区,菊盛路50弄,上海市宝山区菊盛路50弄,"121.374596,31.349924",顾村镇
宝山区,联泰路63号,上海市宝山区联泰路63号,"121.429517,31.345995",顾村镇
宝山区,湄星路2025弄,上海市宝山区湄星路2025弄,"121.406622,31.376613",顾村镇
宝山区,煤水路200号,上海市宝山区煤水路200号,"121.399341,31.472513",月浦镇
宝山区,牡丹江路1779号,上海市宝山区牡丹江路1779号,"121.482094,31.406323",友谊路街道
宝山区,盘古路727号,上海市宝山区盘古路727号,"121.468894,31.403564",杨行镇
宝山区,盘古路1022号,上海市宝山区盘古路1022号,"121.460274,31.399884",杨行镇
宝山区,盘古路2618弄,上海市宝山区盘古路2618弄,"121.430762,31.388538",杨行镇
宝山区,乾溪路201弄,上海市宝山区乾溪路201弄,"121.412002,31.304409",大场镇
宝山区,水产西路200号,上海市宝山区水产西路200号,"121.429783,31.360741",杨行镇
宝山区,水产西路483号,上海市宝山区水产西路|483号,"121.422558,31.358599",杨行镇
宝山区,水产西路515弄,上海市宝山区水产西路515弄,"121.419728,31.358413",顾村镇
宝山区,泰和路1153号,上海市宝山区泰和路1153号,"121.468944,31.366547",杨行镇
宝山区,泰和路1421号,上海市宝山区泰和路1421号,"121.457385,31.367230",杨行镇
宝山区,铁力路6号,上海市宝山区铁力路|6号,"121.476973,31.364750",杨行镇
宝山区,铁力路1501号,上海市宝山区铁力路1501号,"121.463951,31.397307",杨行镇
宝山区,铁山路148号,上海市宝山区铁山路148号,"121.464573,31.369484",杨行镇
宝山区,新二路1398弄,上海市宝山区新二路1398弄,"121.474192,31.335691",淞南镇
宝山区,友谊路1000弄,上海市宝山区友谊路1000弄,"121.468411,31.399348",杨行镇
闵行区,宝南路536弄,上海市闵行区宝南路536弄,"121.355797,31.152196",七宝镇
闵行区,北大道垃圾站,上海市闵行区垃圾站,"121.447513,31.010244",吴泾镇
闵行区,北松公路1689号,上海市闵行区北松公路1689号,"121.378344,31.030963",马桥镇
闵行区,北吴路1230号,上海市闵行区北吴路1230号,"121.424135,31.046533",颛桥镇
闵行区,北吴路208号,上海市闵行区北吴路208号,"121.462020,31.059223",吴泾镇
闵行区,滨浦新苑七村,上海市闵行区滨浦新苑七村,"121.494833,31.066535",浦锦街道
闵行区,滨浦新苑八村,上海市闵行区滨浦新苑八村,"121.495178,31.063329",浦锦街道
闵行区,曹家塘路229弄,上海市闵行区曹家塘路,"121.444990,31.041107",吴泾镇
闵行区,曹建路222号,上海市闵行区曹建路222号,"121.436860,31.091621",梅陇镇
闵行区,曹建路227号,上海市闵行区曹建路|227,"121.436314,31.091498",梅陇镇
闵行区,曹联路116号,上海市闵行区曹联路116号,"121.439842,31.109994",梅陇镇
闵行区,曹联路207弄,上海市闵行区曹联路207弄,"121.445469,31.109294",梅陇镇
闵行区,澄建路185号,上海市闵行区澄建路185号,"121.443094,31.084927",梅陇镇
闵行区,澄江路1580号,上海市闵行区澄江路1580号,"121.433082,31.078489",梅陇镇
闵行区,春申路1955号,上海市闵行区春申路1955号,"121.424414,31.112058",梅陇镇
闵行区,都市路2088弄,上海市闵行区都市路2088弄,"121.411746,31.062379",颛桥镇
闵行区,放鹤路1495号,上海市闵行区放鹤路,"121.454344,31.047684",吴泾镇
闵行区,富强街38号,上海市松江区富强街|38号,"121.354919,31.151379",七宝镇
闵行区,富岩路359弄,上海市闵行区富岩路359弄,"121.368297,31.033934",马桥镇
闵行区,桂林路928号,上海市闵行区桂林路928号,"121.413364,31.185489",虹桥镇
闵行区,航北路229弄,上海市闵行区航北路229弄,"121.354268,31.172071",七宝镇
闵行区,鹤庆路585弄,上海市闵行区鹤庆路585弄,"121.412947,31.006837",江川路街道
闵行区,鹤庆路58弄,上海市闵行区鹤庆路58弄,"121.421992,31.012252",江川路街道
闵行区,虹井路482弄,上海市闵行区虹井路482弄,"121.370318,31.179024",虹桥镇
闵行区,虹梅路263号,上海市闵行区虹梅路263号,"121.409850,31.143521",梅陇镇
闵行区,虹梅南路1580弄,上海市闵行区虹梅南路,"121.417811,31.132068",梅陇镇
闵行区,虹梅南路1588弄,上海市闵行区虹梅南路1588弄,"121.427627,31.115935",梅陇镇
闵行区,虹梅南路2525号,上海市闵行区虹梅南路|2525,"121.433154,31.097327",梅陇镇
闵行区,虹梅南路4855号,上海市闵行区虹梅南路4855号,"121.446676,31.058140",吴泾镇
闵行区,虹梅南路6001号,上海市闵行区虹梅南路6001号,"121.457275,31.029567",吴泾镇
闵行区,虹翔二路39号,上海市闵行区虹翔二路39号,"121.329421,31.202987",新虹街道
闵行区,虹中路335弄,上海市闵行区虹中路335弄,"121.382255,31.181754",虹桥镇
闵行区,沪光路150号,上海市闵行区沪光路150号,"121.417096,31.080266",颛桥镇
闵行区,沪闵路1774号,上海市闵行区沪闵路1774号,"121.413583,31.030269",颛桥镇
闵行区,沪闵路1810号,上海市闵行区沪闵路1810号,"121.414667,31.030875",颛桥镇
闵行区,沪闵路249号,上海市闵行区沪闵路249号,"121.423062,31.006955",江川路街道
闵行区,沪闵路7888号,上海市闵行区沪闵路7888号,"121.403812,31.135208",梅陇镇
闵行区,沪青平公路180弄,上海市闵行区沪青平公路180弄,"121.351419,31.181458",新虹街道
闵行区,沪星路289号,上海市闵行区沪星路289号,"121.338461,31.163547",七宝镇
闵行区,黄桦路345号,上海市闵行区黄桦路345号,"121.363934,31.182346",虹桥镇
闵行区,黄桦路568弄,上海市闵行区黄桦路568弄,"121.367951,31.184881",虹桥镇
闵行区,纪潭路200号,上海市闵行区纪潭路,"121.266285,31.219892",华漕镇
闵行区,剑漕路321号,上海市闵行区剑漕路321号,"121.438701,31.044238",吴泾镇
闵行区,剑川路140弄,上海市闵行区剑川路140弄,"121.467343,31.042995",吴泾镇
闵行区,金都路783号,上海市闵行区金都路783-785号,"121.437115,31.092875",梅陇镇
闵行区,金光路199号,上海市闵行区金光路199号,"121.277155,31.198082",华漕镇
闵行区,鸠山村,上海市闵行区鸠山村,"121.250199,31.243809",华漕镇
闵行区,康桥村,上海市闵行区康桥村,"121.515687,31.071786",浦江镇
闵行区,昆阳北路3688弄,上海市闵行区昆阳北路3688弄,"121.355819,31.051666",马桥镇
闵行区,立跃路2815号,上海市闵行区立跃路2815号,"121.513605,31.090893",浦江镇
闵行区,莲花路吴中路建工工地,上海市闵行区莲花路吴中路浙江建工,"121.376778,31.186944",虹桥镇
闵行区,龙茗路1555号,上海市闵行区龙茗路1555号,"121.383425,31.147850",古美街道
闵行区,龙吴路5287号,上海市闵行区龙吴路5287号,"121.465352,31.051462",吴泾镇
闵行区,鲁宁路43弄,上海市闵行区鲁宁路43弄,"121.522840,31.020664",浦江镇
闵行区,梅富路159号,上海市闵行区梅富路159号,"121.416134,31.108902",梅陇镇
闵行区,梅富路366号,上海市闵行区梅富路366号,"121.416160,31.111397",梅陇镇
闵行区,闵驰二路257弄,上海市闵行区闵驰二路257弄,"121.535755,31.041889",浦江镇
闵行区,浦秀路1385弄,上海市闵行区浦秀路1385弄,"121.486648,31.091430",浦锦街道
闵行区,浦秀路750弄,上海市闵行区浦秀路750弄,"121.493617,31.083368",浦锦街道
闵行区,普乐路208号,上海市闵行区普乐路208号,"121.425831,31.110982",梅陇镇
闵行区,七莘路1999弄,上海市闵行区七莘路1999弄,"121.359366,31.138981",七宝镇
闵行区,七莘路2999弄,上海市闵行区七莘路2999弄,"121.348709,31.153818",七宝镇
闵行区,七莘路秀文路口工地,上海市闵行区工地,"121.474603,31.104502",浦锦街道
闵行区,上中西路767弄,上海市闵行区上中西路767弄,"121.416580,31.130747",梅陇镇
闵行区,申贵路1599弄,上海市闵行区申贵路1599弄,"121.318619,31.208487",新虹街道
闵行区,曙光路1758弄,上海市浦东新区曙光路,"121.711677,31.184967",川沙新镇
闵行区,曙建村,上海市闵行区曙建村,"121.419090,31.096909",梅陇镇
闵行区,双柏路1391号,上海市闵行区双柏路1391号,"121.429561,31.086401",梅陇镇
闵行区,双柏路879弄,上海市闵行区双柏路879弄,"121.441141,31.087898",梅陇镇
闵行区,水清路1390号,上海市闵行区水清路1390号,"121.372942,31.132473",莘庄镇
闵行区,谈中路179弄,上海市闵行区谈中路179弄,"121.529935,31.065180",浦江镇
闵行区,天河路8号,上海市闵行区天河路8号,"121.388310,31.101326",莘庄镇
闵行区,通海路320号,上海市闵行区通海路320号,"121.474966,31.041136",吴泾镇
闵行区,吴中路1050号工地,上海市闵行区吴中路1050号,"121.387583,31.178567",虹桥镇
闵行区,吴中路52号,上海市徐汇区吴中路52号,"121.415738,31.187904",田林街道
闵行区,吴中路889弄,上海市闵行区吴中路889弄,"121.391974,31.178619",虹桥镇
闵行区,西城一路177弄,上海市闵行区西城一路177弄,"121.529306,31.021200",浦江镇
闵行区,新镇路876弄,上海市闵行区新镇路876弄,"121.364214,31.149399",七宝镇
闵行区,莘朱东路150号,上海市闵行区莘朱东路150号,"121.433962,31.127009",梅陇镇
闵行区,兴梅路1199弄,上海市闵行区兴梅路1199弄,"121.413010,31.106354",梅陇镇
闵行区,银都路1640号,上海市松江区银都路|1640号,"121.425513,31.101824",梅陇镇
闵行区,银都路3240号,上海市闵行区银都路3240号,"121.397495,31.093351",颛桥镇
闵行区,中春路1111号,上海市闵行区中春路1111号,"121.396463,31.041044",颛桥镇
闵行区,中春路7492号,上海市闵行区中春路7492号,"121.343671,31.143244",七宝镇
闵行区,朱建路金光路口工地,上海市闵行区朱建路,"121.271966,31.216773",华漕镇
闵行区,颛兴东路1550弄,上海市闵行区颛兴东路1550弄,"121.408852,31.072255",颛桥镇
闵行区,紫藤路258号,上海市闵行区紫藤路|258,"121.364266,31.174595",虹桥镇
闵行区,紫藤路99弄,上海市闵行区紫藤路99弄,"121.364512,31.171612",虹桥镇
嘉定区,安研路588号工地,上海市静安区舜杰建设,"121.434564,31.296956",彭浦镇
嘉定区,白银路327号,上海市嘉定区白银路327号,"121.260793,31.352295",马陆镇
嘉定区,宝安公路3636弄1号,上海市嘉定区宝安公路3636弄1号,"121.271232,31.327630",马陆镇
嘉定区,宝翔路188弄,上海市嘉定区宝翔路188弄,"121.325407,31.305410",南翔镇
嘉定区,曹安公路3609号,上海市嘉定区曹安公路,"121.162780,31.288460",安亭镇
嘉定区,曹安公路5533号,上海市嘉定区曹安公路5533号,"121.165122,31.288503",安亭镇
嘉定区,城北路655号,上海市嘉定区城北路,"121.213860,31.417612",徐行镇
嘉定区,崇信路77弄,上海市嘉定区崇信路77弄,"121.243360,31.338145",安亭镇
嘉定区,德园路425弄,上海市嘉定区德园路425弄,"121.308376,31.295209",南翔镇
嘉定区,丰华公路1580弄,上海市嘉定区丰华公路,"121.352756,31.242287",真新街道
嘉定区,福海路700弄,上海市嘉定区福海路700弄,"121.239727,31.366051",菊园新区
嘉定区,鹤友路338号,上海市嘉定区鹤友路338号,"121.323778,31.235807",江桥镇
嘉定区,洪德路168号,上海市嘉定区洪德路168号,"121.262166,31.358637",马陆镇
嘉定区,沪宜公路,上海市嘉定区沪宜公路,"121.290656,31.318895",马陆镇
嘉定区,生产街路口工地,上海市嘉定区生产街,"121.309962,31.291164",南翔镇
嘉定区,嘉安公路2699号,上海市嘉定区嘉安公路|2699,"121.202213,31.341713",菊园新区
嘉定区,嘉罗公路2515号,上海市嘉定区嘉罗公路2515号,"121.312883,31.408973",徐行镇
嘉定区,嘉松北路6130弄,上海市嘉定区嘉松北路6130弄,"121.221821,31.287918",安亭镇
嘉定区,嘉行公路3198号,上海市嘉定区嘉行公路3198号,"121.241333,31.463715",华亭镇
嘉定区,金沙江西路1288号,上海市嘉定区金沙江西路1288号,"121.320915,31.242585",江桥镇
嘉定区,浏翔公路1515号,上海市嘉定区浏翔公路|1515号,"121.321799,31.319624",南翔镇
嘉定区,浏翔公路2088号,上海市嘉定区浏翔公路2088号,"121.315427,31.346595",马陆镇
嘉定区,浏翔公路7088号,上海市嘉定区浏翔公路7088号,"121.283804,31.467686",华亭镇
嘉定区,浏翔公路7090号,上海市嘉定区浏翔公路7090号,"121.283836,31.467677",华亭镇
嘉定区,南大街293号,上海市闵行区南大街|293,"121.251598,31.382758",嘉定镇街道
嘉定区,清河路175弄,上海市嘉定区清河路175弄,"121.242262,31.381290",嘉定镇街道
嘉定区,双单路德立路西北工地,上海市嘉定区双单路德立路,"121.275402,31.340265",马陆镇
嘉定区,塔城路560号,上海市嘉定区塔城路560号,"121.240923,31.375092",嘉定镇街道
嘉定区,文化街45号,上海市嘉定区文化街|45,"121.214560,31.263300",安亭镇
嘉定区,西珊桥路383号,上海市嘉定区西珊桥路,"121.352776,31.253398",真新街道
嘉定区,希望路260弄,上海市嘉定区希望路260弄,"121.270383,31.344198",马陆镇
嘉定区,伊宁路合作路交界口工地,上海市嘉定区伊宁路合作路,"121.254435,31.338979",菊园新区
嘉定区,银翔路1227号,上海市嘉定区银翔路1227号,"121.313593,31.283728",南翔镇
嘉定区,裕民南路1698号,上海市嘉定区裕民南路1698号,"121.261503,31.357184",马陆镇
嘉定区,远香湖路600弄,上海市嘉定区远香湖路600弄,"121.263806,31.358194",马陆镇
嘉定区,云屏路599弄,上海市嘉定区599弄,"121.253315,31.333766",马陆镇
松江区,北松公路6638号,上海市松江区北松公路6638号,"121.272461,31.004302",车墩镇
松江区,洞坤路168弄,上海市松江区洞坤路168弄,"121.231004,31.100273",洞泾镇
松江区,谷阳北路526弄,上海市松江区谷阳北路526弄,"121.238121,31.019405",岳阳街道
松江区,联阳路168号,上海市松江区联阳路|168号,"121.290306,31.029423",中山街道
松江区,青松公路8228弄,上海市青浦区青松公路,"121.118956,31.135944",夏阳街道
松江区,佘月路18弄,上海市松江区佘月路18弄,"121.230067,31.107322",佘山镇
松江区,泗凤公路1444号,上海市松江区泗凤公路,"121.245943,31.110804",泗泾镇
松江区,文俊路618弄,上海市松江区文俊路,"121.149771,31.040332",小昆山镇
松江区,新松江路1095号,上海市松江区新松江路1095号,"121.215805,31.038462",方松街道
松江区,业西路109号,上海市松江区业西路109号,"121.295547,31.006567",车墩镇
青浦区,凤中路184弄,上海市青浦区凤中路184弄,"121.229055,31.198791",华新镇
青浦区,高泾路259号,上海市青浦区高泾路|259号,"121.297983,31.158282",徐泾镇
青浦区,沪青平公路1489号,上海市青浦区沪青平公路|1489号,"121.308311,31.171342",徐泾镇
青浦区,三星街123号,上海市青浦区三星街123弄,"121.228909,31.197033",华新镇
青浦区,崧润路1028弄,上海市青浦区崧润路1028弄,"121.159529,31.162559",赵巷镇
青浦区,蒸东村,上海市青浦区蒸东村,"121.062040,30.977612",练塘镇
奉贤区,海兴路星西路交界处货车上,上海市浦东新区海兴路,"121.504807,31.236266",陆家嘴街道
奉贤区,星火22连,上海市黄浦区星火,"121.473278,31.237552",南京东路街道
崇明区,安通东路180弄,上海市崇明区安通东路180弄,"121.855667,31.512223",陈家镇
